id,calories,carbs,fat
0,270,67.0,0
1,370,91.0,0
2,570,142.0,0
3,740,182.0,0
4,480,62.0,27
5,350,45.0,16
6,340,57.0,9
7,1140,54.0,80
8,570,27.0,40
9,390,50.0,18
10,420,37.0,21
11,190,51.0,0
12,300,79.0,0
13,340,90.0,0
14,530,138.0,0
15,330,83.0,0
16,450,112.0,0
17,570,141.0,0
18,900,224.0,0
19,500,32.0,29
20,190,22.0,6
21,410,52.0,17
22,370,49.0,15
23,490,68.0,30
24,560,92.0,32
25,1010,152.0,59
26,880,125.0,36
27,700,100.0,29
28,320,53.0,8
29,550,52.0,25
30,340,34.0,19
31,170,2.0,12
32,430,61.0,17
33,310,45.0,12
34,200,28.0,8
35,400,31.0,15
36,350,54.0,11
37,330,82.0,0
38,440,110.0,0
39,560,139.0,0
40,890,221.0,0
41,280,69.0,0
42,380,94.0,0
43,480,119.0,0
44,770,188.0,0
45,140,38.0,0
46,210,55.0,0
47,250,66.0,0
48,390,103.0,0
49,710,107.0,25
50,610,137.0,9
51,340,81.0,4
52,320,74.0,4
53,600,142.0,10
54,970,223.0,18
55,450,108.0,8
56,340,56.0,12
57,430,72.0,15
58,650,109.0,21
59,690,107.0,24
60,680,44.0,38
61,690,44.0,39
62,470,38.0,25
63,400,85.0,6
64,480,104.0,6
65,750,160.0,10
66,700,103.0,41
67,710,108.0,41
68,1360,203.0,79
69,740,97.0,31
70,390,78.0,6
71,420,86.0,6
72,680,137.0,10
73,230,58.0,0
74,290,75.0,0
75,420,105.0,0
76,560,143.0,0
77,840,113.0,36
78,670,90.0,29
79,360,70.0,6
80,370,74.0,6
81,610,121.0,10
82,300,47.0,8
83,260,41.0,7
84,200,32.0,5
85,900,121.0,39
86,720,97.0,31
87,270,73.0,0
88,360,99.0,0
89,460,124.0,0
90,720,197.0,0
91,390,35.0,21
92,230,2.0,17
93,2375,169.0,162
94,630,33.0,43
95,350,15.0,20
96,1030,54.0,67
97,470,18.0,22
98,180,12.0,15
99,180,12.0,15
100,130,59.0,0
101,1140,49.0,81
102,630,25.0,47
103,1115,92.0,55
104,1705,134.0,86
105,380,25.0,14
106,380,25.0,14
107,430,42.0,28
108,420,27.0,32
109,360,20.0,28
110,190,21.0,9
111,740,54.0,42
112,1310,176.0,63
113,1160,66.0,69
114,1250,16.0,55
115,1170,67.0,69
116,1110,83.0,55
117,1150,90.0,55
118,750,31.0,45
119,760,35.0,44
120,290,22.0,19
121,340,19.0,26
122,280,12.0,23
123,360,49.0,17
124,850,56.0,42
125,740,45.0,44
126,580,40.0,30
127,1110,67.0,66
128,790,56.0,36
129,220,8.0,19
130,1170,95.0,69
131,500,16.0,42
132,330,14.0,23
133,740,21.0,61
134,380,16.0,24
135,970,60.0,55
136,1130,85.0,87
137,940,52.0,58
138,1270,82.0,82
139,350,28.0,20
140,1350,111.0,72
141,310,8.0,20
142,850,63.0,62
143,560,45.0,41
144,1440,107.0,82
145,1230,112.0,59
146,1260,118.0,61
147,160,17.0,4
148,110,11.0,3
149,1690,130.0,95
150,1290,90.0,90
151,102,85.0,60
152,1320,107.0,78
153,180,18.0,8
154,140,12.0,7
155,310,10.0,26
156,370,16.0,28
157,550,59.0,33
158,1680,134.0,107
159,960,106.0,53
160,154,210.0,74
161,450,42.0,31
162,350,22.0,24
163,290,16.0,20
164,1150,77.0,67
165,710,8.0,49
166,790,59.0,35
167,720,9.0,49
168,660,25.0,35
169,690,32.0,35
170,140,15.0,9
171,1180,77.0,70
172,1520,208.0,53
173,1290,181.0,56
174,530,63.0,28
175,915,109.0,46
176,1280,133.0,69
177,1345,95.0,72
178,935,88.0,49
179,1160,94.0,67
180,1300,77.0,82
181,840,75.0,49
182,590,50.0,36
183,260,16.0,14
184,90,24.0,0
185,380,20.0,27
186,530,26.0,42
187,310,12.0,23
188,980,50.0,79
189,540,23.0,42
190,150,22.0,5
191,390,53.0,18
192,390,53.0,18
193,255,64.0,0
194,690,61.0,29
195,330,38.0,18
196,410,12.0,29
197,180,10.0,5
198,820,25.0,57
199,370,21.0,10
200,590,58.0,24
201,470,30.0,16
202,470,30.0,16
203,370,56.0,4
204,260,20.0,15
205,620,33.0,44
206,460,12.0,35
207,1010,63.0,69
208,680,20.0,51
209,460,13.0,34
210,230,11.0,10
211,910,25.0,68
212,460,21.0,21
213,1570,108.0,106
214,860,63.0,58
215,1000,87.0,42
216,350,43.0,18
217,120,9.0,8
218,310,0.0,13
219,250,0.0,12
220,140,0.0,7
221,70,17.0,0
222,50,27.0,0
223,220,5.0,22
224,550,44.0,31
225,240,11.0,14
226,215,36.0,4
227,230,16.0,14
228,80,20.0,0
229,610,51.0,36
230,630,54.0,36
231,230,23.0,5
232,350,45.0,18
233,300,45.0,9
234,130,14.0,4
235,430,24.0,30
236,740,47.0,46
237,70,17.0,0
238,780,97.0,41
239,360,43.0,19
240,360,60.0,7
241,30,4.0,0
242,260,31.0,14
243,70,19.0,0
244,230,24.0,14
245,330,49.0,14
246,500,42.0,35
247,550,41.0,42
248,1100,115.0,63
249,800,67.0,30
250,940,84.0,48
251,1930,121.0,138
252,480,1.0,24
253,730,98.0,17
254,1160,121.0,60
255,420,25.0,29
256,670,42.0,49
257,340,25.0,20
258,1340,85.0,98
259,680,50.0,41
260,430,36.0,21
261,680,55.0,40
262,340,38.0,9
263,1290,92.0,79
264,590,58.0,19
265,820,72.0,48
266,580,53.0,31
267,1350,114.0,80
268,880,76.0,46
269,1130,70.0,67
270,1090,66.0,103
271,970,81.0,60
272,1520,116.0,90
273,1240,44.0,103
274,1330,114.0,82
275,1440,118.0,89
276,290,48.0,6
277,670,3.0,47
278,1295,103.0,73
279,160,28.0,2
280,120,12.0,4
281,640,47.0,35
282,620,41.0,36
283,440,68.0,17
284,80,21.0,0
285,390,39.0,16
286,15,3.0,0
287,450,43.0,21
288,680,46.0,37
289,550,43.0,28
290,10,1.0,1
291,80,21.0,0
292,440,67.0,17
293,350,39.0,15
294,620,51.0,30
295,490,40.0,21
296,420,54.0,21
297,570,98.0,15
298,450,75.0,12
299,510,67.0,25
300,430,30.0,24
301,250,11.0,13
302,70,4.0,5
303,590,47.0,37
304,500,53.0,21
305,370,42.0,12
306,270,33.0,14
307,710,87.0,37
308,600,74.0,31
309,450,55.0,24
310,270,33.0,14
311,450,51.0,17
312,240,35.0,10
313,610,86.0,26
314,480,69.0,21
315,360,52.0,16
316,140,5.0,13
317,50,3.0,5
318,300,31.0,17
319,470,49.0,27
320,460,85.0,15
321,630,115.0,20
322,570,97.0,15
323,440,75.0,12
324,340,33.0,17
325,350,60.0,9
326,270,25.0,14
327,350,60.0,9
328,210,24.0,8
329,210,24.0,8
330,290,45.0,9
331,350,32.0,21
332,570,51.0,34
333,440,39.0,23
334,660,59.0,34
335,300,36.0,15
336,260,28.0,15
337,260,28.0,15
338,390,42.0,23
339,510,57.0,30
340,360,31.0,17
341,610,52.0,28
342,240,21.0,11
343,160,2.0,16
344,700,64.0,32
345,360,37.0,14
346,610,46.0,29
347,470,38.0,22
348,460,41.0,18
349,710,78.0,28
350,500,42.0,24
351,460,33.0,31
352,460,45.0,26
353,740,45.0,47
354,520,46.0,28
355,590,60.0,23
356,460,56.0,24
357,440,44.0,20
358,45,11.0,0
359,480,74.0,15
360,380,60.0,12
361,750,57.0,38
362,620,67.0,35
363,420,65.0,15
364,460,67.0,18
365,330,68.0,2
366,390,53.0,11
367,920,76.0,50
368,290,39.0,9
369,80,14.0,1
370,330,60.0,4
371,330,23.0,19
372,230,23.0,13
373,330,35.0,18
374,610,63.0,36
375,420,39.0,26
376,500,6.0,10
377,320,52.0,5
378,540,71.0,24
379,530,83.0,18
380,610,34.0,38
381,780,59.0,41
382,320,41.0,15
383,250,31.0,12
384,250,14.0,17
385,150,7.0,9
386,930,98.0,50
387,660,57.0,43
388,680,53.0,49
389,360,41.0,19
390,490,66.0,22
391,190,24.0,6
392,670,80.0,19
393,910,89.0,34
394,430,13.0,34
395,840,95.0,33
396,710,80.0,26
397,440,42.0,19
398,450,29.0,29
399,170,6.0,15
400,640,83.0,31
401,390,51.0,19
402,430,58.0,21
403,560,68.0,28
404,410,56.0,19
405,410,60.0,17
406,240,22.0,10
407,270,55.0,2
408,330,67.0,2
409,270,55.0,1
410,270,50.0,4
411,640,91.0,26
412,290,33.0,10
413,130,15.0,1
414,440,46.0,26
415,460,73.0,19
416,650,80.0,19
417,450,73.0,19
418,440,52.0,17
419,350,66.0,3
420,860,83.0,35
421,460,6.0,34
422,530,46.0,23
423,90,19.0,0
424,330,37.0,17
425,110,23.0,0
426,80,11.0,2
427,160,34.0,0
428,640,121.0,11
429,290,26.0,10
430,90,16.0,0
431,560,74.0,26
432,240,15.0,16
433,400,17.0,34
434,190,14.0,14
435,140,28.0,1
436,90,13.0,2
437,570,84.0,16
438,520,65.0,26
439,300,44.0,7
440,390,46.0,15
441,550,89.0,15
442,470,69.0,11
443,230,48.0,2
444,240,51.0,2
445,200,43.0,2
446,480,43.0,22
447,620,79.0,30
448,410,53.0,20
449,650,32.0,40
450,190,16.0,9
451,120,22.0,2
452,660,59.0,29
453,370,59.0,14
454,180,2.0,17
455,430,78.0,8
456,440,42.0,37
457,860,72.0,59
458,610,54.0,41
459,980,180.0,13
460,970,79.0,43
461,340,44.0,10
462,300,60.0,1
463,570,52.0,36
464,190,1.0,19
465,340,62.0,5
466,110,22.0,1
467,510,50.0,31
468,530,83.0,20
469,430,63.0,18
470,440,63.0,18
471,100,8.0,8
472,90,18.0,1
473,560,40.0,29
474,750,53.0,43
475,190,1.0,13
476,390,63.0,9
477,410,45.0,24
478,90,18.0,0
479,140,28.0,0
480,390,80.0,1
481,470,5.0,35
482,560,66.0,30
483,1100,6.0,85
484,460,59.0,23
485,290,18.0,23
486,630,57.0,33
487,710,81.0,24
488,370,50.0,6
489,180,7.0,15
490,500,52.0,25
491,270,54.0,1
492,470,52.0,26
493,460,46.0,22
494,260,52.0,1
495,290,24.0,15
496,940,65.0,54
497,940,65.0,54
498,5300,327.0,324
499,2230,228.0,92
500,1380,77.0,80
501,1380,77.0,80
502,1095,75.0,67
503,1095,75.0,67
504,1100,74.0,69
505,1100,74.0,69
506,680,69.0,34
507,840,66.0,54
508,8820,545.0,540
509,1470,86.0,95
510,1470,86.0,95
511,1090,83.0,67
512,1090,83.0,67
513,3534,218.0,216
514,375,55.0,15
515,230,24.0,14
516,350,35.0,22
517,580,59.0,36
518,110,20.0,0
519,380,70.0,1
520,165,24.0,6
521,570,83.0,20
522,440,12.0,26
523,515,45.0,28
524,640,44.0,39
525,495,43.0,27
526,730,62.0,43
527,460,33.0,18
528,270,36.0,12
529,0,0.0,0
530,0,0.0,0
531,255,18.0,20
532,870,61.0,68
533,515,35.0,34
534,190,9.0,9
535,390,43.0,20
536,35,7.0,0
537,120,24.0,0
538,520,34.0,27
539,305,11.0,11
540,375,33.0,15
541,230,9.0,15
542,735,86.0,35
543,240,33.0,7
544,911,114.0,24
545,150,21.0,6
546,555,77.0,23
547,230,47.0,2
548,280,33.0,14
549,280,9.0,11
550,545,34.0,38
551,420,33.0,27
552,215,20.0,14
553,300,27.0,20
554,530,49.0,35
555,555,44.0,35
556,90,8.0,3
557,70,18.0,0
558,100,25.0,0
559,150,37.0,0
560,410,48.0,23
561,370,12.0,26
562,0,0.0,0
563,0,0.0,0
564,0,0.0,0
565,200,10.0,13
566,587,59.0,29
567,880,88.0,44
568,90,22.0,0
569,1347,103.0,77
570,900,53.0,56
571,770,44.0,51
572,60,2.0,5
573,88,3.0,6
574,1480,68.0,98
575,288,0.0,20
576,170,15.0,11
577,908,56.0,49
578,514,93.0,9
579,734,95.0,27
580,257,47.0,5
581,257,47.0,5
582,367,48.0,14
583,800,60.0,49
584,1020,97.0,59
585,80,12.0,3
586,780,44.0,51
587,1559,98.0,92
588,490,10.0,27
589,560,68.0,15
590,800,70.0,35
591,990,74.0,68
592,1040,125.0,46
593,1120,110.0,62
594,510,44.0,32
595,920,100.0,48
596,880,49.0,57
597,500,46.0,30
598,820,127.0,33
599,170,6.0,15
600,550,22.0,22
601,630,78.0,25
602,590,105.0,18
603,8,1.0,0
604,280,42.0,10
605,280,42.0,10
606,560,84.0,20
607,280,42.0,10
608,280,42.0,10
609,280,42.0,10
610,420,28.0,30
611,250,63.0,5
612,660,23.0,39
613,380,44.0,9
614,640,20.0,38
615,470,50.0,7
616,70,18.0,0
617,813,71.0,32
618,773,87.0,38
619,80,6.0,6
620,50,2.0,4
621,40,6.0,2
622,530,56.0,10
623,400,20.0,26
624,210,33.0,8
625,380,49.0,13
626,80,20.0,0
627,40,2.0,4
628,50,2.0,5
629,560,52.0,22
630,130,17.0,6
631,260,34.0,12
632,43,6.0,2
633,600,68.0,14
634,460,47.0,28
635,1100,130.0,55
636,460,52.0,26
637,460,52.0,26
638,120,2.0,12
639,863,55.0,44
640,90,2.0,9
641,820,70.0,36
642,560,79.0,28
643,780,81.0,46
644,280,40.0,14
645,280,40.0,14
646,390,41.0,23
647,862,92.0,40
648,1960,88.0,126
649,1860,112.0,118
650,2380,88.0,158
651,1480,84.0,92
652,1860,74.0,124
653,360,44.0,18
654,210,14.0,15
655,210,14.0,15
656,490,73.0,7
657,50,4.0,4
658,40,8.0,0
659,70,14.0,0
660,1520,128.0,76
661,250,23.0,15
662,250,23.0,15
663,384,1.0,28
664,960,108.0,52
665,1120,108.0,52
666,50,4.0,4
667,72,0.0,5
668,730,49.0,47
669,400,39.0,20
670,680,76.0,35
671,650,50.0,38
672,590,57.0,31
673,410,53.0,12
674,420,30.0,26
675,410,27.0,27
676,400,39.0,23
677,410,44.0,16
678,450,44.0,20
679,320,43.0,7
680,500,32.0,29
681,250,16.0,15
682,380,24.0,22
683,500,28.0,31
684,25,6.0,0
685,240,23.0,11
686,800,30.0,55
687,380,28.0,22
688,650,29.0,43
689,770,41.0,50
690,290,24.0,14
691,540,17.0,42
692,320,29.0,17
693,440,25.0,29
694,480,41.0,23
695,810,57.0,54
696,1310,134.0,72
697,530,89.0,17
698,280,52.0,6
699,300,28.0,14
700,950,50.0,55
701,190,10.0,11
702,290,15.0,17
703,380,20.0,22
704,440,35.0,28
705,330,47.0,15
706,280,50.0,7
707,420,81.0,8
708,690,121.0,18
709,900,163.0,21
710,400,52.0,18
711,320,26.0,16
712,380,26.0,24
713,490,27.0,31
714,450,29.0,26
715,700,29.0,49
716,900,51.0,57
717,740,51.0,39
718,990,53.0,65
719,830,53.0,47
720,320,46.0,14
721,760,44.0,44
722,110,31.0,0
723,140,40.0,0
724,540,69.0,27
725,440,56.0,22
726,340,44.0,17
727,220,28.0,11
728,230,29.0,11
729,380,49.0,18
730,670,80.0,33
731,130,6.0,8
732,60,9.0,2
733,670,65.0,44
734,500,48.0,33
735,250,24.0,16
736,300,31.0,18
737,520,50.0,22
738,210,4.0,21
739,60,15.0,0
740,270,15.0,23
741,120,5.0,11
742,190,2.0,20
743,45,10.0,0
744,390,57.0,15
745,450,76.0,13
746,50,13.0,0
747,280,24.0,15
748,530,52.0,23
749,310,46.0,13
750,490,57.0,26
751,400,47.0,21
752,310,36.0,17
753,150,17.0,8
754,440,77.0,12
755,690,48.0,43
756,630,46.0,39
757,420,46.0,16
758,670,78.0,34
759,500,77.0,19
760,280,54.0,5
761,270,55.0,4
762,140,23.0,3
763,350,37.0,17
764,420,32.0,27
765,570,34.0,37
766,810,57.0,53
767,160,3.0,12
768,90,12.0,3
769,40,2.0,2
770,160,27.0,4
771,140,23.0,4
772,460,34.0,30
773,300,35.0,12
774,360,32.0,19
775,360,66.0,7
776,610,102.0,17
777,780,134.0,20
778,190,35.0,4
779,300,35.0,16
780,330,18.0,23
781,470,26.0,26
782,750,58.0,45
783,540,57.0,21
784,470,40.0,18
785,360,40.0,7
786,290,8.0,12
787,1040,50.0,69
788,1270,50.0,86
789,800,50.0,51
790,1140,51.0,75
791,980,51.0,57
792,1230,53.0,82
793,1070,53.0,64
794,90,22.0,0
795,400,75.0,7
796,660,114.0,17
797,850,152.0,20
798,340,44.0,18
799,340,28.0,19
800,260,28.0,10
801,380,29.0,23
802,300,660.0,14
803,670,51.0,40
804,510,51.0,23
805,760,53.0,47
806,600,53.0,30
807,770,64.0,47
808,240,54.0,0
809,182,8.0,12
810,460,51.0,21
811,267,33.0,10
812,150,21.0,6
813,40,5.0,1
814,105,6.0,6
815,220,16.0,12
816,410,35.0,27
817,430,45.0,26
818,680,69.0,33
819,170,11.0,10
820,300,49.0,11
821,744,63.0,41
822,25,6.0,0
823,321,27.0,19
824,170,13.0,12
825,190,37.0,2
826,195,14.0,10
827,174,12.0,11
828,160,11.0,12
829,310,38.0,15
830,207,18.0,10
831,213,12.0,13
832,230,23.0,14
833,60,13.0,0
834,642,56.0,38
835,60,10.0,2
836,200,18.0,13
837,155,20.0,7
838,160,17.0,7
839,320,31.0,18
840,470,56.0,26
841,320,43.0,14
842,154,0.0,6
843,170,25.0,7
844,120,5.0,10
845,28,0.0,0
846,160,35.0,1
847,130,1.0,3
848,50,0.0,0
849,14,2.0,0
850,100,9.0,5
851,100,25.0,0
852,100,1.0,10
853,1008,81.0,50
854,140,1.0,1
855,177,8.0,1
856,520,48.0,18
857,440,,19
858,440,,18
859,500,,23
860,460,,19
861,750,,44
862,440,,22
863,810,,42
864,360,,23
865,700,,37
866,610,,25
867,390,,7
868,580,,29
869,640,,36
870,170,,10
871,260,,16
872,390,,23
873,820,,46
874,300,,17
875,620,,36
876,300,,12
877,370,,19
878,760,,35
879,690,,34
880,320,,11
881,540,,25
882,910,,42
883,450,,29
884,10,,0
885,680,,39
886,710,,38
887,320,,15
888,460,,21
889,5,,0
890,5,,0
891,10,,0
892,10,,0
893,330,,18
894,880,,53
895,860,,44
896,60,,5
897,490,,21
898,650,,33
899,560,,31
900,560,,31
901,560,,31
902,340,,19
903,560,,31
904,190,,8
905,240,,14
906,200,,10
907,350,,23
908,320,,18
909,550,,23
910,220,,12
911,780,,48
912,290,,13
913,740,,50
914,210,,11
915,240,,12
916,470,,23
917,430,,21
918,310,,15
919,530,,28
920,790,,39
921,720,,38
922,270,,9
923,750,,34
924,360,,18
925,380,,18
926,470,,20
927,500,,22
928,10,,0
929,540,,15
930,210,,6
931,570,,37
932,120,,5
933,200,,8
934,250,,13
935,210,,9
936,50,,3
937,450,,21
938,300,,19
939,460,,26
940,650,,36
941,380,,13
942,760,,35
943,690,,34
944,290,,16
945,590,,44
946,900,,47
947,1040,,60
948,930,,50
949,940,,59
950,290,,13
951,780,,44
952,920,,57
953,810,,46
954,630,,29
955,470,,14
956,930,,58
957,800,,27
958,830,,30
959,570,,43
960,910,,54
961,880,,53
962,490,,23
963,770,,35
964,700,,34
965,160,30.0,4
966,200,27.0,9
967,334,17.0,20
968,581,68.0,19
969,208,14.0,7
970,523,55.0,30
971,526,58.0,16
972,500,53.0,15
973,570,54.0,18
974,522,58.0,15
975,213,12.0,7
976,470,54.0,17
977,58,9.0,2
978,198,10.0,7
979,208,10.0,10
980,585,53.0,25
981,200,10.0,12
982,226,25.0,12
983,634,50.0,55
984,521,57.0,18
985,521,56.0,18
986,517,57.0,15
987,471,56.0,14
988,527,57.0,18
989,449,62.0,15
990,453,41.0,25
991,474,8.0,35
992,604,54.0,29
993,640,54.0,30
994,620,55.0,25
995,470,53.0,11
996,160,2.0,12
997,560,54.0,23
998,598,57.0,32
999,358,13.0,24
1000,520,13.0,25
1001,5,0.0,0
1002,780,131.0,24
1003,260,40.0,12
1004,220,22.0,6
1005,410,37.0,12
1006,410,50.0,12
1007,180,11.0,6
1008,290,36.0,4
1009,370,41.0,14
1010,310,22.0,23
1011,440,47.0,20
1012,20,6.0,0
1013,360,58.0,13
1014,230,61.0,0
1015,450,50.0,20
1016,360,17.0,17
1017,460,26.0,22
1018,450,43.0,20
1019,460,47.0,15
1020,350,9.0,22
1021,490,55.0,19
1022,430,38.0,17
1023,230,26.0,5
1024,490,49.0,20
1025,600,90.0,23
1026,25,7.0,0
1027,430,63.0,17
1028,360,19.0,31
1029,570,81.0,26
1030,490,41.0,22
1031,70,17.0,0
1032,390,53.0,18
1033,270,25.0,18
1034,140,19.0,4
1035,130,32.0,0
1036,0,0.0,0
1037,290,50.0,7
1038,45,12.0,0
1039,280,44.0,11
1040,400,17.0,18
1041,310,41.0,14
1042,80,3.0,8
1043,510,40.0,29
1044,680,43.0,47
1045,70,5.0,4
1046,240,18.0,9
1047,410,48.0,12
1048,480,44.0,20
1049,570,46.0,27
1050,610,93.0,23
1051,550,75.0,23
1052,390,47.0,21
1053,230,44.0,3
1054,240,47.0,4
1055,290,53.0,6
1056,110,7.0,6
1057,220,15.0,12
1058,290,48.0,7
1059,80,2.0,4
1060,150,4.0,8
1061,1570,138.0,90
1062,80,4.0,7
1063,50,12.0,0
1064,390,27.0,14
1065,970,80.0,58
1066,2120,163.0,133
1067,200,25.0,2
1068,100,18.0,1
1069,990,48.0,68
1070,1490,94.0,88
1071,1020,125.0,51
1072,230,16.0,15
1073,110,8.0,7
1074,1290,195.0,61
1075,1410,143.0,68
1076,1500,124.0,76
1077,870,71.0,44
1078,1480,125.0,81
1079,740,73.0,38
1080,1490,147.0,76
1081,610,65.0,25
1082,620,66.0,31
1083,70,1.0,6
1084,80,0.0,7
1085,80,0.0,6
1086,80,1.0,6
1087,710,68.0,42
1088,200,21.0,7
1089,100,11.0,4
1090,650,26.0,44
1091,1260,120.0,60
1092,1350,129.0,68
1093,400,23.0,25
1094,400,23.0,25
1095,200,11.0,13
1096,360,24.0,10
1097,360,17.0,20
1098,180,9.0,10
1099,1250,163.0,64
1100,280,48.0,11
1101,1440,81.0,97
1102,980,55.0,67
1103,1720,86.0,108
1104,1170,59.0,74
1105,1670,83.0,103
1106,1140,57.0,71
1107,1010,59.0,60
1108,360,7.0,18
1109,1340,138.0,64
1110,690,69.0,34
1111,710,22.0,52
1112,240,15.0,20
1113,1270,120.0,71
1114,1210,125.0,57
1115,1630,171.0,78
1116,1660,196.0,76
1117,1050,71.0,81
1118,1500,174.0,68
1119,190,3.0,19
1120,140,3.0,14
1121,240,1.0,26
1122,250,6.0,25
1123,200,13.0,17
1124,200,1.0,22
1125,70,11.0,0
1126,80,9.0,5
1127,180,2.0,19
1128,730,70.0,38
1129,530,30.0,20
1130,1400,151.0,84
1131,1570,57.0,116
1132,660,54.0,35
1133,270,25.0,12
1134,990,108.0,52
1135,690,92.0,33
1136,370,20.0,9
1137,610,78.0,13
1138,480,37.0,17
1139,680,80.0,25
1140,30,4.0,2
1141,1280,121.0,63
1142,310,1.0,15
1143,580,38.0,28
1144,45,3.0,4
1145,760,14.0,49
1146,380,61.0,13
1147,140,34.0,0
1148,1610,139.0,103
1149,180,15.0,11
1150,2210,136.0,144
1151,210,11.0,15
1152,410,22.0,30
1153,390,28.0,25
1154,90,7.0,5
1155,550,62.0,14
1156,260,15.0,7
1157,280,31.0,15
1158,1990,137.0,111
1159,1080,82.0,57
1160,1020,144.0,46
1161,890,51.0,48
1162,530,13.0,27
1163,1540,126.0,88
1164,1310,128.0,65
1165,2170,137.0,123
1166,1140,75.0,63
1167,430,12.0,33
1168,570,67.0,24
1169,470,42.0,24
1170,460,61.0,22
1171,380,19.0,22
1172,530,30.0,42
1173,160,2.0,4
1174,230,21.0,5
1175,340,21.0,15
1176,330,23.0,18
1177,400,24.0,24
1178,500,69.0,18
1179,80,10.0,5
1180,280,48.0,11
1181,150,32.0,2
1182,190,30.0,7
1183,130,22.0,2
1184,35,8.0,0
1185,120,14.0,7
1186,35,9.0,0
1187,190,30.0,7
1188,130,14.0,8
1189,30,6.0,0
1190,1400,90.0,89
1191,480,6.0,50
1192,190,30.0,7
1193,50,8.0,0
1194,1320,126.0,73
1195,1680,166.0,87
1196,2310,168.0,123
1197,1200,91.0,63
1198,1710,147.0,101
1199,60,2.0,6
1200,2290,163.0,139
1201,630,68.0,33
1202,780,81.0,41
1203,150,4.0,8
1204,1010,115.0,45
1205,80,6.0,6
1206,450,31.0,36
1207,230,16.0,18
1208,200,32.0,7
1209,1350,72.0,94
1210,1260,67.0,89
1211,2120,117.0,144
1212,1960,109.0,136
1213,850,51.0,58
1214,810,43.0,54
1215,340,21.0,15
1216,390,33.0,21
1217,1290,128.0,77
1218,560,54.0,32
1219,480,5.0,41
1220,360,62.0,9
1221,690,7.0,53
1222,170,2.0,7
1223,60,1.0,2
1224,120,23.0,1
1225,80,14.0,0
1226,40,8.0,0
1227,190,1.0,8
1228,60,0.0,2
1229,100,0.0,8
1230,100,0.0,8
1231,35,0.0,3
1232,190,1.0,6
1233,60,0.0,2
1234,570,73.0,27
1235,140,18.0,7
1236,130,23.0,3
1237,110,19.0,2
1238,40,8.0,1
1239,60,9.0,2
1240,60,9.0,2
1241,20,4.0,0
1242,5,1.0,0
1243,290,44.0,9
1244,90,13.0,2
1245,90,13.0,2
1246,20,4.0,0
1247,5,1.0,0
1248,15,3.0,0
1249,5,1.0,0
1250,150,8.0,13
1251,50,3.0,4
1252,120,22.0,1
1253,80,14.0,0
1254,40,7.0,0
1255,40,8.0,1
1256,15,3.0,0
1257,80,15.0,1
1258,25,5.0,0
1259,10,2.0,0
1260,5,1.0,0
1261,5,1.0,0
1262,60,13.0,0
1263,60,13.0,0
1264,120,2.0,10
1265,40,1.0,3
1266,190,2.0,6
1267,60,1.0,2
1268,260,12.0,24
1269,220,35.0,8
1270,95,18.0,5
1271,80,15.0,5
1272,130,16.0,7
1273,470,36.0,28
1274,500,48.0,26
1275,150,15.0,10
1276,35,7.0,0
1277,140,24.0,3
1278,740,63.0,38
1279,190,14.0,10
1280,140,19.0,6
1281,35,7.0,0
1282,240,28.0,12
1283,160,20.0,8
1284,5,1.0,0
1285,840,54.0,42
1286,190,24.0,7
1287,110,21.0,2
1288,160,13.0,7
1289,170,17.0,11
1290,200,3.0,11
1291,360,35.0,18
1292,110,3.0,6
1293,330,8.0,23
1294,300,7.0,18
1295,140,37.0,12
1296,280,24.0,12
1297,450,50.0,16
1298,320,12.0,20
1299,360,35.0,18
1300,180,8.0,11
1301,550,50.0,27
1302,140,7.0,7
1303,480,20.0,35
1304,430,17.0,27
1305,500,95.0,14
1306,250,30.0,12
1307,360,90.0,0
1308,270,68.0,0
1309,190,48.0,0
1310,120,6.0,6
1311,0,0.0,0
1312,0,0.0,0
1313,0,0.0,0
1314,330,72.0,2
1315,5,0.0,0
1316,40,1.0,4
1317,190,6.0,3
1318,350,7.0,20
1319,470,470.0,470
1320,550,39.0,32
1321,410,8.0,29
1322,580,10.0,46
1323,240,23.0,15
1324,140,12.0,8
1325,90,8.0,5
1326,270,33.0,8
1327,530,63.0,16
1328,280,4.0,20
1329,150,2.0,10
1330,30,7.0,0
1331,850,138.0,28
1332,1030,158.0,31
1333,1040,144.0,31
1334,1200,145.0,48
1335,150,15.0,9
1336,110,27.0,0
1337,620,81.0,30
1338,530,67.0,26
1339,590,44.0,28
1340,390,29.0,18
1341,340,73.0,2
1342,510,70.0,22
1343,140,140.0,140
1344,330,46.0,13
1345,1320,160.0,51
1346,230,8.0,20
1347,360,12.0,31
1348,710,21.0,63
1349,230,8.0,20
1350,420,13.0,32
1351,820,23.0,65
1352,305,32.0,13
1353,610,64.0,26
1354,60,9.0,0
1355,90,12.0,0
1356,120,17.0,0
1357,100,8.0,5
1358,140,11.0,7
1359,190,15.0,10
1360,320,63.0,2
1361,410,84.0,2
1362,540,111.0,2
1363,380,61.0,11
1364,490,81.0,13
1365,650,108.0,17
1366,125,17.0,0
1367,170,23.0,0
1368,210,29.0,0
1369,200,15.0,11
1370,270,20.0,15
1371,340,25.0,18
1372,190,10.0,14
1373,550,28.0,41
1374,370,19.0,28
1375,460,460.0,460
1376,540,38.0,24
1377,110,110.0,110
1378,680,62.0,33
1379,340,37.0,12
1380,1190,99.0,62
1381,680,74.0,24
1382,370,35.0,14
1383,740,70.0,28
1384,580,70.0,30
1385,300,46.0,113
1386,530,62.0,28
1387,760,84.0,44
1388,400,18.0,28
1389,790,33.0,57
1390,360,65.0,6
1391,770,108.0,34
1392,650,90.0,30
1393,250,24.0,16
1394,220,32.0,7
1395,2540,389.0,87
1396,330,72.0,2
1397,650,96.0,24
1398,380,39.0,18
1399,760,78.0,37
1400,365,36.0,15
1401,730,71.0,31
1402,80,16.0,0
1403,1040,213.0,3
1404,0,0.0,0
1405,1040,213.0,3
1406,170,33.0,1
1407,4220,862.0,16
1408,110,22.0,0
1409,2600,532.0,8
1410,590,53.0,37
1411,340,39.0,16
1412,360,22.0,21
1413,240,15.0,14
1414,310,40.0,11
1415,620,79.0,21
1416,340,5.0,27
1417,230,3.0,19
1418,330,69.0,2
1419,250,12.0,11
1420,410,13.0,27
1421,110,19.0,1
1422,1040,190.0,15
1423,110,19.0,1
1424,350,91.0,0
1425,700,182.0,0
1426,320,83.0,0
1427,640,166.0,0
1428,290,75.0,0
1429,580,150.0,0
1430,590,86.0,28
1431,110,16.0,4
1432,40,11.0,0
1433,90,9.0,4
1434,60,6.0,3
1435,370,36.0,13
1436,740,72.0,27
1437,290,21.0,17
1438,540,42.0,30
1439,320,37.0,14
1440,330,37.0,13
1441,640,73.0,26
1442,170,30.0,2
1443,2080,401.0,15
1444,60,10.0,0
1445,430,36.0,25
1446,760,72.0,45
1447,500,37.0,26
1448,870,74.0,47
1449,170,170.0,170
1450,150,22.0,2
1451,110,13.0,2
1452,0,0.0,0
1453,0,0.0,0
1454,320,64.0,6
1455,640,128.0,12
1456,100,9.0,4
1457,280,26.0,13
1458,190,18.0,8
1459,80,20.0,0
1460,90,21.0,0
1461,380,39.0,17
1462,320,39.0,12
1463,120,16.0,0
1464,160,22.0,0
1465,190,26.0,0
1466,190,15.0,10
1467,250,19.0,13
1468,300,23.0,16
1469,590,90.0,24
1470,480,64.0,22
1471,210,12.0,14
1472,410,23.0,28
1473,630,36.0,43
1474,350,48.0,11
1475,730,80.0,44
1476,220,13.0,17
1477,420,26.0,33
1478,120,9.0,8
1479,120,9.0,8
1480,30,1.0,2
1481,70,9.0,2
1482,210,28.0,6
1483,140,19.0,4
1484,240,37.0,2
1485,480,75.0,4
1486,250,24.0,13
1487,500,48.0,25
1488,255,35.0,4
1489,510,70.0,8
1490,250,32.0,4
1491,500,65.0,8
1492,320,33.0,13
1493,640,66.0,25
1494,1000,40.0,74
1495,800,44.0,51
1496,540,44.0,30
1497,570,39.0,35
1498,90,23.0,0
1499,550,108.0,9
1500,420,82.0,7
1501,330,65.0,6
1502,610,107.0,15
1503,470,80.0,12
1504,380,65.0,10
1505,350,70.0,0
1506,260,53.0,0
1507,210,41.0,0
1508,110,29.0,0
1509,1090,168.0,38
1510,770,117.0,28
1511,370,57.0,13
1512,570,85.0,21
1513,25,6.0,0
1514,520,94.0,14
1515,780,129.0,23
1516,570,93.0,17
1517,290,49.0,8
1518,440,71.0,14
1519,350,40.0,14
1520,730,64.0,47
1521,250,36.0,9
1522,130,17.0,6
1523,460,44.0,28
1524,990,151.0,35
1525,740,114.0,26
1526,470,71.0,16
1527,110,18.0,4
1528,340,52.0,12
1529,210,24.0,11
1530,710,106.0,23
1531,570,84.0,19
1532,450,65.0,16
1533,690,107.0,23
1534,650,103.0,20
1535,520,82.0,16
1536,90,20.0,1
1537,550,0.0,45
1538,400,34.0,18
1539,100,10.0,6
1540,210,24.0,12
1541,80,21.0,0
1542,1030,105.0,53
1543,1260,121.0,66
1544,1160,110.0,60
1545,220,15.0,12
1546,710,881.0,24
1547,470,54.0,16
1548,1020,116.0,51
1549,760,96.0,38
1550,630,84.0,29
1551,620,83.0,29
1552,920,136.0,34
1553,650,95.0,24
1554,330,49.0,11
1555,460,69.0,17
1556,150,17.0,10
1557,130,18.0,6
1558,540,77.0,21
1559,180,28.0,5
1560,490,75.0,15
1561,340,54.0,10
1562,240,37.0,7
1563,240,24.0,15
1564,240,24.0,15
1565,70,17.0,1
1566,1420,189.0,67
1567,960,130.0,45
1568,400,55.0,17
1569,650,88.0,29
1570,140,16.0,10
1571,80,7.0,7
1572,1300,190.0,52
1573,1020,148.0,40
1574,420,62.0,16
1575,710,104.0,28
1576,780,69.0,46
1577,470,29.0,26
1578,600,59.0,30
1579,350,30.0,21
1580,470,53.0,22
1581,830,63.0,51
1582,400,35.0,18
1583,640,35.0,34
1584,220,30.0,9
1585,660,85.0,30
1586,470,61.0,22
1587,330,42.0,15
1588,1340,189.0,58
1589,1010,144.0,42
1590,450,63.0,18
1591,750,107.0,32
1592,410,60.0,15
1593,410,59.0,15
1594,290,42.0,11
1595,1150,171.0,38
1596,310,44.0,12
1597,190,31.0,5
1598,320,47.0,13
1599,780,34.0,48
1600,190,27.0,8
1601,500,70.0,21
1602,310,43.0,13
1603,1320,176.0,62
1604,900,120.0,42
1605,430,57.0,19
1606,670,90.0,30
1607,780,129.0,22
1608,630,101.0,19
1609,500,80.0,15
1610,190,27.0,8
1611,50,13.0,0
1612,940,121.0,48
1613,1450,164.0,83
1614,990,115.0,55
1615,680,82.0,35
1616,410,52.0,19
1617,320,30.0,13
1618,330,13.0,15
1619,360,32.0,15
1620,280,22.0,15
1621,190,18.0,12
1622,820,125.0,29
1623,600,92.0,21
1624,300,45.0,10
1625,440,67.0,15
1626,1260,173.0,57
1627,920,126.0,41
1628,600,83.0,26
1629,150,17.0,9
1630,360,51.0,14
1631,220,25.0,13
1632,90,15.0,3
1633,420,52.0,14
1634,600,55.0,24
1635,600,40.0,34
1636,550,43.0,23
1637,600,143.0,0
1638,380,87.0,0
1639,250,55.0,0
1640,680,161.0,0
1641,420,96.0,0
1642,280,64.0,0
1643,140,20.0,6
1644,1140,176.0,41
1645,840,127.0,30
1646,660,101.0,23
1647,370,57.0,13
1648,860,134.0,27
1649,670,102.0,22
1650,540,80.0,19
1651,1080,178.0,31
1652,830,134.0,25
1653,610,95.0,20
1654,910,144.0,27
1655,710,112.0,22
1656,560,83.0,19
1657,1020,171.0,32
1658,790,130.0,26
1659,590,92.0,21
1660,1090,165.0,38
1661,840,126.0,30
1662,620,90.0,22
1663,1350,143.0,72
1664,1010,111.0,53
1665,700,83.0,34
1666,880,137.0,27
1667,700,107.0,22
1668,550,81.0,19
1669,950,151.0,29
1670,740,116.0,23
1671,580,89.0,19
1672,1300,171.0,65
1673,1000,133.0,49
1674,400,54.0,19
1675,750,99.0,37
1676,1070,168.0,36
1677,740,116.0,25
1678,560,87.0,18
1679,400,62.0,14
1680,820,121.0,31
1681,800,5.0,68
1682,130,30.0,0
1683,480,67.0,22
1684,428,48.0,12
1685,780,130.0,15
1686,810,125.0,31
1687,860,107.0,33
1688,510,100.0,11
1689,820,32.0,64
1690,370,74.0,5
1691,25,4.0,0
1692,370,48.0,16
1693,190,24.0,9
1694,190,24.0,9
1695,740,134.0,21
1696,190,44.0,1
1697,300,26.0,19
1698,890,53.0,54
1699,380,32.0,21
1700,57,14.0,0
1701,520,48.0,16
1702,590,43.0,29
1703,340,13.0,13
1704,140,35.0,4
1705,910,76.0,52
1706,110,0.0,9
1707,220,1.0,18
1708,760,84.0,29
1709,720,52.0,32
1710,820,82.0,30
1711,330,3.0,20
1712,450,40.0,18
1713,450,61.0,18
1714,770,59.0,57
1715,680,59.0,47
1716,100,9.0,0
1717,190,6.0,17
1718,270,24.0,17
1719,820,47.0,44
1720,630,55.0,33
1721,630,65.0,39
1722,0,0.0,0
1723,260,15.0,22
1724,630,67.0,39
1725,120,21.0,0
1726,660,29.0,43
1727,1170,74.0,74
1728,370,32.0,12
1729,30,5.0,0
1730,1400,49.0,87
1731,50,1.0,0
1732,50,1.0,0
1733,250,1.0,21
1734,125,0.0,11
1735,130,25.0,1
1736,130,25.0,1
1737,340,33.0,21
1738,130,26.0,3
1739,430,50.0,23
1740,1530,145.0,90
1741,260,38.0,10
1742,390,25.0,18
1743,630,56.0,13
1744,450,40.0,19
1745,390,46.0,12
1746,100,28.0,2
1747,430,50.0,23
1748,430,50.0,23
1749,780,35.0,58
1750,110,29.0,0
1751,55,29.0,0
1752,150,23.0,6
1753,55,29.0,0
1754,120,7.0,7
1755,170,21.0,9
1756,170,21.0,9
1757,200,18.0,15
1758,190,20.0,8
1759,25,4.0,0
1760,90,1.0,4
1761,220,44.0,3
1762,90,15.0,3
1763,220,44.0,3
1764,270,71.0,0
1765,310,21.0,10
1766,870,84.0,42
1767,670,70.0,30
1768,530,93.0,11
1769,210,26.0,12
1770,210,26.0,12
1771,210,26.0,12
1772,210,26.0,12
1773,1160,110.0,63
1774,580,75.0,28
1775,900,67.0,47
1776,210,5.0,20
1777,140,52.0,6
1778,830,122.0,37
1779,290,34.0,15
1780,380,39.0,19
1781,560,87.0,20
1782,690,88.0,33
1783,500,82.0,19
1784,800,59.0,35
1785,420,23.0,32
1786,960,80.0,50
1787,100,55.0,3
1788,1140,94.0,63
1789,610,74.0,28
1790,610,74.0,28
1791,560,58.0,20
1792,860,51.0,48
1793,1080,34.0,75
1794,510,43.0,34
1795,200,31.0,5
1796,250,62.0,0
1797,520,48.0,36
1798,890,113.0,44
1799,110,16.0,5
1800,210,54.0,0
1801,370,68.0,8
1802,330,67.0,4
1803,310,64.0,1
1804,1040,41.0,73
1805,730,98.0,36
1806,180,47.0,0
1807,590,70.0,26
1808,940,67.0,43
1809,670,52.0,36
1810,850,64.0,46
1811,500,77.0,18
1812,210,27.0,7
1813,210,27.0,7
1814,1380,139.0,71
1815,710,30.0,52
1816,180,2.0,17
1817,370,4.0,34
1818,70,5.0,6
1819,70,18.0,0
1820,70,18.0,0
1821,630,48.0,47
1822,520,25.0,39
1823,550,39.0,32
1824,690,51.0,43
1825,540,52.0,16
1826,480,57.0,18
1827,550,35.0,37
1828,520,49.0,28
1829,370,21.0,15
1830,450,56.0,15
1831,610,24.0,32
1832,440,8.0,34
1833,980,73.0,59
1834,260,24.0,12
1835,210,1.0,19
1836,410,74.0,11
1837,310,22.0,15
1838,270,31.0,13
1839,270,31.0,13
1840,120,49.0,5
1841,860,75.0,53
1842,400,54.0,17
1843,250,30.0,11
1844,1120,101.0,63
1845,270,40.0,6
1846,860,76.0,48
1847,250,65.0,0
1848,200,50.0,0
1849,220,56.0,0
1850,60,14.0,0
1851,300,36.0,16
1852,900,99.0,33
1853,260,65.0,0
1854,900,27.0,54
1855,780,4.0,36
1856,1000,47.0,59
1857,820,24.0,35
1858,1520,97.0,101
1859,610,54.0,29
1860,560,72.0,25
1861,630,60.0,27
1862,10,2.0,0
1863,300,45.0,9
1864,340,43.0,13
1865,200,40.0,1
1866,780,90.0,42
1867,1841,1.0,96
1868,1841,1.0,96
1869,168,0.0,7
1870,315,0.0,13
1871,299,0.0,18
1872,539,1.0,22
1873,513,0.0,32
1874,630,1.0,27
1875,598,0.0,36
1876,1303,186.0,43
1877,217,31.0,7
1878,869,124.0,29
1879,1228,1.0,64
1880,1228,1.0,64
1881,36,2.0,3
1882,718,65.0,35
1883,200,36.0,3
1884,200,36.0,3
1885,551,99.0,8
1886,421,63.0,11
1887,421,63.0,11
1888,425,64.0,11
1889,955,74.0,52
1890,225,14.0,12
1891,162,17.0,5
1892,394,38.0,15
1893,214,18.0,9
1894,214,18.0,9
1895,140,9.0,5
1896,859,78.0,42
1897,429,43.0,13
1898,429,43.0,13
1899,402,28.0,30
1900,134,9.0,10
1901,375,50.0,16
1902,162,25.0,5
1903,785,86.0,31
1904,84,0.0,3
1905,224,0.0,8
1906,179,1.0,3
1907,84,0.0,3
1908,215,0.0,14
1909,91,0.0,5
1910,316,53.0,12
1911,126,21.0,4
1912,263,34.0,12
1913,263,34.0,12
1914,200,33.0,5
1915,513,84.0,13
1916,330,55.0,8
1917,300,49.0,8
1918,635,78.0,32
1919,329,40.0,16
1920,9,2.0,0
1921,37,8.0,0
1922,114,16.0,5
1923,57,8.0,2
1924,167,10.0,3
1925,167,10.0,3
1926,299,21.0,17
1927,72,3.0,6
1928,694,81.0,37
1929,51,3.0,4
1930,9,2.0,0
1931,3,1.0,0
1932,62,7.0,2
1933,47,5.0,1
1934,25,3.0,0
1935,121,14.0,5
1936,62,7.0,2
1937,690,60.0,40
1938,253,22.0,14
1939,430,84.0,7
1940,124,25.0,1
1941,337,48.0,5
1942,652,93.0,21
1943,434,62.0,14
1944,14,2.0,0
1945,196,29.0,4
1946,523,78.0,10
1947,196,29.0,4
1948,14,3.0,0
1949,266,12.0,7
1950,266,12.0,7
1951,179,1.0,3
1952,179,1.0,3
1953,80,1.0,6
1954,170,32.0,2
1955,406,77.0,5
1956,170,32.0,2
1957,675,97.0,26
1958,250,36.0,9
1959,982,103.0,60
1960,327,34.0,20
1961,215,19.0,12
1962,607,87.0,10
1963,607,87.0,10
1964,900,91.0,38
1965,845,83.0,34
1966,302,32.0,18
1967,302,32.0,18
1968,761,92.0,30
1969,492,61.0,3
1970,355,30.0,7
1971,1440,84.0,92
1972,755,50.0,46
1973,329,68.0,3
1974,366,82.0,1
1975,196,15.0,11
1976,899,51.0,56
1977,1322,143.0,49
1978,106,1.0,8
1979,992,82.0,46
1980,1221,87.0,74
1981,1162,105.0,62
1982,783,62.0,32
1983,792,85.0,31
1984,366,27.0,10
1985,792,85.0,31
1986,1109,98.0,51
1987,950,96.0,58
1988,946,1.0,62
1989,630,1.0,42
1990,381,1.0,26
1991,780,62.0,37
1992,1027,110.0,55
1993,449,48.0,24
1994,981,77.0,56
1995,981,77.0,56
1996,467,2.0,35
1997,311,1.0,23
1998,194,37.0,4
1999,119,29.0,0
2000,173,6.0,16
2001,173,6.0,16
2002,1214,135.0,51
2003,505,59.0,10
2004,628,30.0,42
2005,427,54.0,12
2006,303,22.0,12
2007,462,48.0,18
2008,792,81.0,38
2009,318,50.0,2
2010,953,43.0,64
2011,348,21.0,18
2012,333,20.0,17
2013,381,25.0,20
2014,233,1.0,16
2015,1044,96.0,62
2016,1352,161.0,54
2017,1165,78.0,60
2018,735,31.0,49
2019,735,31.0,49
2020,956,43.0,64
2021,529,12.0,32
2022,459,59.0,12
2023,610,54.0,23
2024,301,25.0,11
2025,597,49.0,22
2026,446,59.0,11
2027,628,59.0,22
2028,446,47.0,15
2029,622,71.0,23
2030,435,46.0,15
2031,1010,71.0,57
2032,914,98.0,46
2033,1073,99.0,56
2034,1090,107.0,57
2035,334,45.0,15
2036,115,5.0,9
2037,495,80.0,18
2038,141,23.0,4
2039,585,74.0,23
2040,175,16.0,4
2041,210,46.0,0
2042,636,56.0,32
2043,1118,64.0,63
2044,791,59.0,39
2045,850,51.0,51
2046,146,2.0,7
2047,777,52.0,46
2048,379,15.0,24
2049,140,15.0,7
2050,247,53.0,9
2051,335,39.0,7
2052,503,47.0,25
2053,506,28.0,31
2054,559,49.0,26
2055,577,57.0,26
2056,423,37.0,25
2057,336,29.0,11
2058,338,8.0,23
2059,430,53.0,15
2060,380,56.0,10
2061,221,51.0,2
2062,329,37.0,7
2063,124,4.0,9
2064,100,24.0,0
2065,225,58.0,0
2066,221,57.0,0
2067,110,27.0,0
2068,235,61.0,0
2069,231,60.0,0
2070,233,53.0,2
2071,139,32.0,4
2072,250,41.0,7
2073,336,14.0,16
2074,989,64.0,55
2075,394,37.0,21
2076,435,43.0,18
2077,268,18.0,12
2078,1637,188.0,78
2079,1989,205.0,100
2080,1955,190.0,97
2081,77,3.0,5
2082,62,5.0,0
2083,230,0.0,18
2084,303,35.0,6
2085,543,69.0,4
2086,381,94.0,6
2087,497,55.0,16
2088,486,53.0,16
2089,508,18.0,23
2090,518,16.0,29
2091,488,18.0,27
2092,454,59.0,4
2093,526,16.0,32
2094,466,59.0,12
2095,125,7.0,2
2096,33,6.0,0
2097,458,69.0,15
2098,178,21.0,9
2099,96,11.0,5
2100,398,45.0,16
2101,505,59.0,10
2102,1119,110.0,49
2103,792,81.0,38
2104,429,35.0,23
2105,334,54.0,2
2106,662,46.0,43
2107,674,29.0,53
2108,255,12.0,11
2109,326,33.0,15
2110,1049,46.0,70
2111,834,74.0,42
2112,1518,130.0,71
2113,974,81.0,65
2114,159,39.0,0
2115,280,61.0,0
2116,879,123.0,30
2117,440,62.0,15
2118,309,21.0,24
2119,539,26.0,28
2120,649,61.0,29
2121,649,61.0,29
2122,100,16.0,3
2123,681,75.0,33
2124,100,16.0,3
2125,935,63.0,57
2126,318,77.0,0
2127,560,122.0,0
2128,618,42.0,48
2129,303,33.0,16
2130,342,17.0,23
2131,838,67.0,35
2132,52,8.0,1
2133,211,3.0,21
2134,382,28.0,24
2135,563,33.0,26
2136,125,18.0,5
2137,1188,101.0,72
2138,79,10.0,2
2139,210,11.0,13
2140,43,8.0,0
2141,392,36.0,21
2142,435,43.0,18
2143,238,16.0,10
2144,91,3.0,6
2145,29,6.0,0
2146,205,0.0,16
2147,269,31.0,5
2148,31,0.0,1
2149,1328,63.0,86
2150,137,11.0,9
2151,880,90.0,36
2152,1005,39.0,70
2153,957,39.0,61
2154,51,7.0,1
2155,537,48.0,27
2156,700,64.0,44
2157,381,94.0,6
2158,425,61.0,19
2159,870,58.0,34
2160,1238,102.0,56
2161,586,19.0,36
2162,109,13.0,3
2163,640,80.0,22
2164,890,86.0,39
2165,100,20.0,2
2166,30,4.0,0
2167,35,5.0,0
2168,290,32.0,12
2169,270,35.0,8
2170,670,71.0,27
2171,980,86.0,46
2172,480,38.0,25
2173,500,53.0,19
2174,920,77.0,42
2175,800,88.0,27
2176,400,37.0,17
2177,1000,108.0,39
2178,340,37.0,12
2179,920,69.0,60
2180,880,69.0,52
2181,510,68.0,26
2182,700,87.0,38
2183,510,30.0,30
2184,890,122.0,25
2185,690,58.0,33
2186,780,68.0,36
2187,780,48.0,51
2188,70,8.0,3
2189,600,16.0,45
2190,770,57.0,45
2191,880,70.0,49
2192,290,42.0,8
2193,290,42.0,8
2194,800,108.0,26
2195,1000,79.0,49
2196,150,20.0,7
2197,810,83.0,31
2198,810,53.0,48
2199,810,65.0,42
2200,250,65.0,0
2201,170,46.0,0
2202,370,97.0,0
2203,270,70.0,0
2204,340,90.0,0
2205,980,122.0,29
2206,260,21.0,13
2207,250,6.0,18
2208,20,5.0,1
2209,630,49.0,45
2210,770,44.0,50
2211,880,76.0,44
2212,970,73.0,51
2213,300,32.0,13
2214,300,32.0,13
2215,300,32.0,13
2216,280,35.0,9
2217,710,55.0,40
2218,450,56.0,15
2219,570,58.0,24
2220,570,70.0,21
2221,70,1.0,2
2222,600,49.0,24
2223,820,87.0,0
2224,60,5.0,3
2225,200,3.0,16
2226,750,68.0,37
2227,650,54.0,35
2228,560,111.0,2
2229,800,108.0,26
2230,220,43.0,1
2231,220,43.0,1
2232,260,44.0,4
2233,260,44.0,4
2234,300,45.0,7
2235,800,108.0,26
2236,560,111.0,2
2237,680,113.0,12
2238,340,26.0,19
2239,340,54.0,8
2240,690,108.0,16
2241,290,32.0,12
2242,290,32.0,12
2243,590,56.0,37
2244,480,55.0,17
2245,700,47.0,39
2246,1070,76.0,65
2247,1130,153.0,34
2248,590,60.0,29
2249,660,72.0,31
2250,800,108.0,26
2251,560,111.0,2
2252,680,113.0,12
2253,840,40.0,55
2254,470,41.0,26
2255,1474,184.0,71
2256,550,39.0,32
2257,310,39.0,15
2258,620,78.0,30
2259,440,60.0,15
2260,275,34.0,13
2261,263,29.0,14
2262,724,65.0,34
2263,180,24.0,10
2264,363,2.0,24
2265,708,54.0,35
2266,287,27.0,19
2267,125,12.0,8
2268,265,33.0,13
2269,182,34.0,6
2270,200,16.0,12
2271,176,25.0,5
2272,96,24.0,0
2273,2,0.0,0
2274,561,34.0,27
2275,521,17.0,29
2276,174,6.0,10
2277,521,25.0,28
2278,421,15.0,28
2279,150,2.0,10
2280,292,34.0,15
2281,313,1.0,12
2282,159,0.0,9
2283,273,0.0,16
2284,126,0.0,8
2285,657,75.0,25
2286,31,6.0,0
2287,139,20.0,4
2288,74,13.0,1
2289,101,27.0,0
2290,342,25.0,20
2291,170,22.0,8
2292,142,23.0,1
2293,90,23.0,0
2294,190,23.0,10
2295,54,8.0,0
2296,620,51.0,33
2297,930,44.0,64
2298,470,9.0,36
2299,650,47.0,36
2300,860,52.0,58
2301,1150,53.0,78
2302,1290,47.0,92
2303,260,13.0,13
2304,440,21.0,21
2305,270,35.0,13
2306,450,44.0,20
2307,410,50.0,23
2308,380,58.0,6
2309,610,55.0,30
2310,500,50.0,26
2311,290,44.0,11
2312,290,35.0,15
2313,300,40.0,15
2314,170,20.0,10
2315,470,46.0,29
2316,480,60.0,23
2317,410,52.0,20
2318,340,43.0,17
2319,480,34.0,29
2320,630,52.0,38
2321,370,29.0,15
2322,170,15.0,7
2323,330,30.0,15
2324,200,23.0,8
2325,430,41.0,19
2326,110,16.0,5
2327,680,55.0,37
2328,780,98.0,35
2329,705,86.0,33
2330,530,49.0,35
2331,390,36.0,26
2332,250,25.0,16
2333,390,46.0,24
2334,560,59.0,29
2335,380,36.0,18
2336,430,34.0,23
2337,570,34.0,39
2338,770,39.0,49
2339,490,38.0,31
2340,650,2.0,54
2341,340,14.0,21
2342,260,37.0,13
2343,90,17.0,2
2344,640,40.0,44
2345,200,28.0,9
2346,470,65.0,21
2347,430,60.0,19
2348,320,45.0,14
2349,460,47.0,17
2350,300,55.0,5
2351,285,56.0,7
2352,300,28.0,14
2353,470,38.0,32
2354,410,38.0,27
2355,120,7.0,7
2356,235,27.0,13
2357,285,37.0,13
2358,350,32.0,19
2359,510,39.0,36
2360,440,41.0,21
2361,930,59.0,63
2362,550,85.0,19
2363,690,106.0,23
2364,510,86.0,13
2365,640,117.0,13
2366,700,71.0,39
2367,850,118.0,34
2368,490,69.0,18
2369,600,109.0,13
2370,520,87.0,13
2371,390,21.0,28
2372,520,42.0,27
2373,290,15.0,18
2374,380,2.0,34
2375,460,5.0,41
2376,490,69.0,18
2377,200,0.0,14
2378,100,19.0,2
2379,90,17.0,2
2380,190,36.0,2
2381,300,18.0,20
2382,690,60.0,37
2383,800,65.0,45
2384,280,47.0,6
2385,190,26.0,9
2386,190,26.0,9
2387,90,11.0,4
2388,90,11.0,4
2389,80,11.0,3
2390,80,11.0,3
2391,90,10.0,5
2392,90,10.0,5
2393,360,22.0,23
2394,350,4.0,30
2395,70,17.0,0
2396,70,17.0,0
2397,90,19.0,2
2398,280,0.0,11
2399,280,0.0,11
2400,1780,163.0,99
2401,120,29.0,0
2402,150,36.0,0
2403,210,51.0,0
2404,480,116.0,0
2405,210,25.0,6
2406,340,63.0,7
2407,640,50.0,39
2408,420,47.0,23
2409,360,47.0,15
2410,1130,104.0,62
2411,1130,104.0,62
2412,1220,54.0,82
2413,880,80.0,50
2414,1420,99.0,95
2415,1530,105.0,103
2416,1180,82.0,74
2417,340,19.0,23
2418,340,19.0,23
2419,340,19.0,23
2420,340,19.0,23
2421,1000,66.0,69
2422,520,27.0,35
2423,490,42.0,28
2424,950,41.0,62
2425,1330,89.0,77
2426,1600,72.0,118
2427,1080,97.0,62
2428,1180,55.0,81
2429,960,22.0,65
2430,1070,70.0,59
2431,790,49.0,44
2432,870,54.0,52
2433,880,48.0,53
2434,1240,105.0,69
2435,1300,107.0,73
2436,690,74.0,33
2437,750,77.0,37
2438,170,18.0,5
2439,170,18.0,5
2440,170,18.0,5
2441,170,18.0,5
2442,190,23.0,7
2443,190,23.0,7
2444,190,23.0,7
2445,190,23.0,7
2446,720,112.0,24
2447,1400,111.0,82
2448,1120,126.0,54
2449,890,138.0,29
2450,1210,102.0,75
2451,1460,102.0,97
2452,5,1.0,0
2453,25,5.0,0
2454,1120,24.0,82
2455,990,30.0,72
2456,1110,91.0,61
2457,1140,50.0,80
2458,1570,139.0,87
2459,1680,145.0,95
2460,830,82.0,38
2461,940,88.0,46
2462,130,33.0,0
2463,160,41.0,0
2464,230,58.0,0
2465,520,132.0,0
2466,440,10.0,32
2467,140,2.0,4
2468,1200,112.0,66
2469,1300,121.0,73
2470,1180,109.0,66
2471,1170,93.0,71
2472,1190,111.0,66
2473,1210,116.0,66
2474,900,88.0,45
2475,410,71.0,10
2476,1460,93.0,95
2477,1270,59.0,91
2478,1010,89.0,56
2479,290,37.0,10
2480,1230,117.0,67
2481,580,77.0,27
2482,5,1.0,0
2483,660,39.0,45
2484,800,144.0,17
2485,1020,80.0,57
2486,190,25.0,10
2487,220,30.0,10
2488,790,73.0,39
2489,640,59.0,36
2490,430,30.0,28
2491,480,66.0,21
2492,390,45.0,21
2493,460,65.0,21
2494,450,57.0,20
2495,480,62.0,22
2496,840,18.0,66
2497,1050,51.0,75
2498,150,15.0,8
2499,830,71.0,54
2500,120,30.0,0
2501,150,38.0,0
2502,210,53.0,0
2503,480,120.0,0
2504,450,44.0,26
2505,960,39.0,72
2506,870,39.0,71
2507,810,63.0,39
2508,810,46.0,46
2509,920,95.0,49
2510,840,60.0,48
2511,890,62.0,52
2512,0,2.0,0
2513,290,35.0,13
2514,5,0.0,0
2515,90,15.0,3
2516,90,15.0,3
2517,90,15.0,3
2518,90,15.0,3
2519,1110,83.0,65
2520,300,26.0,20
2521,90,11.0,4
2522,80,11.0,3
2523,90,10.0,5
2524,200,44.0,1
2525,150,32.0,1
2526,190,41.0,1
2527,5,2.0,0
2528,5,2.0,0
2529,10,2.0,0
2530,860,69.0,50
2531,930,40.0,69
2532,1100,83.0,71
2533,1000,68.0,67
2534,330,11.0,25
2535,400,41.0,18
2536,480,39.0,27
2537,590,72.0,29
2538,520,11.0,39
2539,590,41.0,32
2540,670,39.0,41
2541,395,54.0,18
2542,590,81.0,27
2543,580,67.0,31
2544,190,17.0,11
2545,390,33.0,22
2546,570,43.0,34
2547,570,43.0,34
2548,280,30.0,11
2549,280,30.0,11
2550,450,32.0,23
2551,520,37.0,28
2552,370,13.0,20
2553,320,33.0,11
2554,320,33.0,11
2555,330,35.0,11
2556,410,42.0,21
2557,410,42.0,21
2558,280,26.0,12
2559,560,53.0,24
2560,130,2.0,4
2561,250,5.0,7
2562,580,106.0,5
2563,690,133.0,6
2564,70,17.0,0
2565,70,17.0,0
2566,70,17.0,0
2567,180,30.0,2
2568,300,57.0,7
2569,220,3.0,22
2570,150,15.0,7
2571,440,46.0,22
2572,660,32.0,47
2573,990,112.0,50
2574,830,90.0,43
2575,710,74.0,37
2576,650,61.0,37
2577,80,21.0,0
2578,80,20.0,0
2579,80,21.0,0
2580,230,30.0,10
2581,610,83.0,28
2582,450,61.0,21
2583,330,45.0,15
2584,300,34.0,16
2585,600,68.0,33
2586,70,13.0,4
2587,620,53.0,29
2588,330,34.0,16
2589,330,34.0,16
2590,250,15.0,10
2591,250,15.0,10
2592,310,16.0,8
2593,620,54.0,29
2594,280,26.0,19
2595,850,41.0,65
2596,730,65.0,35
2597,160,28.0,3
2598,170,29.0,3
2599,170,30.0,3
2600,530,60.0,21
2601,610,61.0,26
2602,500,45.0,27
2603,500,45.0,27
2604,580,45.0,34
2605,580,45.0,34
2606,5,1.0,0
2607,10,2.0,0
2608,5,1.0,0
2609,10,2.0,0
2610,150,3.0,15
2611,35,5.0,1
2612,610,38.0,37
2613,620,40.0,37
2614,690,84.0,37
2615,350,42.0,18
2616,280,22.0,16
2617,560,43.0,33
2618,310,32.0,17
2619,450,45.0,28
2620,120,12.0,4
2621,460,35.0,30
2622,440,31.0,27
2623,570,32.0,40
2624,570,36.0,38
2625,200,21.0,11
2626,580,63.0,34
2627,430,46.0,25
2628,280,30.0,16
2629,800,101.0,38
2630,1150,146.0,55
2631,810,92.0,43
2632,1170,134.0,61
2633,780,95.0,38
2634,1120,138.0,54
2635,700,76.0,38
2636,1000,109.0,54
2637,20,4.0,0
2638,20,4.0,0
2639,20,4.0,0
2640,900,52.0,60
2641,880,52.0,59
2642,290,72.0,0
2643,290,72.0,0
2644,450,114.0,0
2645,270,67.0,0
2646,270,67.0,0
2647,400,99.0,0
2648,290,73.0,0
2649,290,73.0,0
2650,440,108.0,0
2651,410,35.0,21
2652,540,38.0,26
2653,660,40.0,44
2654,650,38.0,38
2655,870,38.0,63
2656,500,53.0,23
2657,350,29.0,15
2658,140,18.0,7
2659,810,55.0,50
2660,820,56.0,50
2661,220,21.0,12
2662,510,49.0,29
2663,450,32.0,27
2664,520,42.0,25
2665,830,44.0,57
2666,614,50.0,30
2667,807,66.0,34
2668,765,68.0,31
2669,729,71.0,30
2670,773,70.0,38
2671,684,67.0,24
2672,843,72.0,38
2673,755,67.0,33
2674,533,48.0,23
2675,648,54.0,30
2676,514,50.0,21
2677,514,50.0,21
2678,600,51.0,28
2679,578,52.0,30
2680,796,68.0,34
2681,948,70.0,50
2682,160,17.0,9
2683,420,62.0,17
2684,470,3.0,34
2685,2,0.0,0
2686,4,0.0,0
2687,634,48.0,35
2688,150,18.0,7
2689,242,65.0,0
2690,388,104.0,0
2691,12,2.0,0
2692,20,4.0,0
2693,5,1.0,0
2694,22,4.0,0
2695,420,65.0,14
2696,195,52.0,0
2697,312,84.0,0
2698,160,18.0,8
2699,140,16.0,8
2700,424,64.0,2
2701,722,67.0,30
2702,401,65.0,0
2703,401,65.0,0
2704,599,65.0,19
2705,545,65.0,16
2706,988,53.0,54
2707,739,7.0,54
2708,130,19.0,5
2709,420,42.0,24
2710,330,27.0,17
2711,260,0.0,23
2712,90,24.0,0
2713,780,37.0,49
2714,860,60.0,61
2715,1470,73.0,78
2716,980,85.0,64
2717,1490,144.0,84
2718,850,38.0,53
2719,1190,44.0,64
2720,80,6.0,6
2721,190,9.0,2
2722,270,10.0,3
2723,450,18.0,37
2724,670,18.0,46
2725,530,19.0,38
2726,220,8.0,18
2727,900,61.0,58
2728,1060,78.0,70
2729,1280,105.0,59
2730,150,6.0,13
2731,260,35.0,9
2732,250,19.0,15
2733,760,42.0,46
2734,990,36.0,71
2735,790,36.0,49
2736,590,23.0,33
2737,1530,225.0,63
2738,340,50.0,14
2739,320,26.0,17
2740,790,38.0,46
2741,650,39.0,39
2742,630,38.0,38
2743,1460,90.0,103
2744,1230,127.0,72
2745,110,13.0,7
2746,30,7.0,0
2747,970,52.0,72
2748,1470,82.0,109
2749,810,40.0,61
2750,510,69.0,4
2751,2000,130.0,145
2752,800,76.0,40
2753,710,48.0,37
2754,1400,227.0,51
2755,860,72.0,47
2756,1270,92.0,87
2757,1060,100.0,58
2758,1440,123.0,94
2759,1060,89.0,54
2760,400,0.0,44
2761,170,30.0,2
2762,1260,96.0,81
2763,480,69.0,3
2764,60,14.0,1
2765,2110,143.0,144
2766,60,10.0,1
2767,1430,99.0,92
2768,1540,111.0,92
2769,600,23.0,46
2770,1970,137.0,129
2771,370,47.0,19
2772,300,38.0,15
2773,1060,104.0,64
2774,5,0.0,0
2775,880,81.0,42
2776,830,48.0,43
2777,970,75.0,66
2778,540,55.0,19
2779,890,66.0,45
2780,1450,93.0,81
2781,120,10.0,7
2782,700,94.0,34
2783,1210,70.0,75
2784,1210,70.0,75
2785,50,9.0,0
2786,710,53.0,32
2787,1230,162.0,55
2788,90,7.0,1
2789,430,68.0,3
2790,580,69.0,4
2791,680,49.0,28
2792,760,68.0,41
2793,390,35.0,15
2794,710,68.0,36
2795,250,22.0,13
2796,1200,72.0,74
2797,470,61.0,23
2798,350,75.0,6
2799,1590,110.0,100
2800,1820,161.0,94
2801,450,61.0,15
2802,990,98.0,54
2803,1590,89.0,107
2804,1150,26.0,82
2805,200,36.0,4
2806,470,19.0,39
2807,1000,34.0,65
2808,1180,72.0,74
2809,1240,167.0,57
2810,1310,127.0,69
2811,1540,117.0,92
2812,1650,158.0,85
2813,1050,96.0,53
2814,310,40.0,8
2815,1990,196.0,84
2816,1090,44.0,74
2817,470,68.0,4
2818,5,1.0,0
2819,660,48.0,22
2820,290,39.0,14
2821,1260,80.0,75
2822,1260,80.0,75
2823,1260,67.0,85
2824,2750,220.0,168
2825,1420,96.0,84
2826,1330,77.0,85
2827,1310,72.0,65
2828,40,3.0,3
2829,250,33.0,12
2830,210,41.0,1
2831,180,23.0,8
2832,40,2.0,2
2833,300,39.0,15
2834,790,66.0,45
2835,150,21.0,6
2836,70,16.0,0
2837,140,33.0,1
2838,420,25.0,29
2839,390,21.0,27
2840,360,18.0,19
2841,340,16.0,18
2842,260,11.0,14
2843,390,17.0,21
2844,610,52.0,33
2845,490,51.0,20
2846,610,18.0,37
2847,520,40.0,25
2848,510,16.0,33
2849,150,5.0,10
2850,340,10.0,24
2851,190,6.0,13
2852,440,39.0,25
2853,630,45.0,39
2854,70,5.0,4
2855,510,51.0,28
2856,25,4.0,0
2857,220,0.0,7
2858,90,0.0,4
2859,170,0.0,10
2860,80,1.0,4
2861,380,34.0,19
2862,460,34.0,25
2863,80,8.0,4
2864,540,58.0,28
2865,160,1.0,17
2866,35,8.0,0
2867,320,47.0,3
2868,70,4.0,4
2869,490,45.0,27
2870,15,3.0,0
2871,20,1.0,1
2872,680,74.0,31
2873,310,30.0,15
2874,260,29.0,9
2875,270,31.0,9
2876,280,31.0,11
2877,210,32.0,3
2878,210,28.0,9
2879,260,4.0,26
2880,200,15.0,11
2881,180,11.0,10
2882,200,8.0,9
2883,280,37.0,13
2884,400,65.0,13
2885,200,35.0,7
2886,160,19.0,7
2887,190,22.0,10
2888,15,2.0,0
2889,120,19.0,4
2890,90,15.0,3
2891,360,11.0,21
2892,120,3.0,7
2893,250,7.0,17
2894,120,3.0,7
2895,160,2.0,3
2896,400,37.0,22
2897,540,42.0,32
2898,290,34.0,16
2899,70,8.0,3
2900,680,53.0,41
2901,400,18.0,26
2902,260,12.0,17
2903,560,26.0,37
2904,210,26.0,11
2905,290,35.0,15
2906,310,31.0,19
2907,50,1.0,2
2908,260,26.0,13
2909,420,12.0,25
2910,160,5.0,10
2911,360,13.0,27
2912,170,6.0,12
2913,100,21.0,0
2914,160,21.0,8
2915,150,22.0,6
2916,750,61.0,39
2917,410,27.0,25
2918,770,59.0,40
2919,430,27.0,26
2920,100,23.0,0
2921,250,32.0,13
2922,1090,111.0,56
2923,1150,116.0,60
2924,740,51.0,48
2925,800,56.0,52
2926,540,45.0,29
2927,460,37.0,24
2928,510,38.0,28
2929,120,9.0,7
2930,140,11.0,8
2931,180,13.0,10
2932,100,15.0,5
2933,120,18.0,6
2934,150,22.0,8
2935,200,32.0,5
2936,240,41.0,6
2937,290,49.0,8
2938,230,35.0,7
2939,280,43.0,8
2940,330,52.0,9
2941,360,47.0,14
2942,290,39.0,12
2943,250,33.0,11
2944,300,33.0,12
2945,190,12.0,12
2946,280,18.0,18
2947,470,30.0,30
2948,400,23.0,24
2949,660,39.0,40
2950,330,35.0,15
2951,260,28.0,9
2952,160,21.0,8
2953,580,94.0,17
2954,720,119.0,20
2955,880,147.0,24
2956,440,76.0,10
2957,580,102.0,14
2958,770,134.0,18
2959,1160,203.0,27
2960,460,66.0,19
2961,0,0.0,0
2962,0,0.0,0
2963,440,34.0,23
2964,740,40.0,42
2965,300,30.0,12
2966,160,27.0,3
2967,380,38.0,18
2968,450,61.0,20
2969,550,76.0,24
2970,680,94.0,29
2971,450,62.0,20
2972,560,78.0,24
2973,680,96.0,28
2974,290,57.0,4
2975,260,48.0,4
2976,160,31.0,2
2977,150,15.0,9
2978,200,34.0,5
2979,240,42.0,6
2980,290,51.0,8
2981,230,36.0,7
2982,280,45.0,8
2983,330,53.0,9
2984,330,34.0,16
2985,260,27.0,9
2986,340,60.0,8
2987,300,41.0,12
2988,380,53.0,15
2989,460,63.0,18
2990,250,43.0,5
2991,310,55.0,6
2992,390,68.0,6
2993,330,54.0,10
2994,350,60.0,9
2995,520,61.0,24
2996,160,29.0,3
2997,180,31.0,4
2998,230,40.0,6
2999,380,48.0,16
3000,300,36.0,14
3001,240,29.0,12
3002,130,21.0,5
3003,190,27.0,8
3004,270,41.0,11
3005,130,21.0,5
3006,190,29.0,8
3007,270,43.0,11
3008,140,22.0,5
3009,200,30.0,8
3010,280,45.0,11
3011,130,21.0,5
3012,190,29.0,8
3013,270,43.0,11
3014,60,8.0,5
3015,90,11.0,8
3016,120,16.0,11
3017,160,31.0,3
3018,180,33.0,4
3019,230,41.0,6
3020,80,6.0,4
3021,100,8.0,6
3022,140,10.0,8
3023,60,12.0,3
3024,90,14.0,5
3025,110,19.0,6
3026,310,42.0,13
3027,270,43.0,8
3028,140,30.0,0
3029,150,32.0,0
3030,190,40.0,0
3031,300,49.0,6
3032,240,37.0,6
3033,200,29.0,6
3034,140,32.0,0
3035,150,33.0,0
3036,190,42.0,0
3037,50,7.0,0
3038,60,9.0,0
3039,70,11.0,0
3040,40,13.0,0
3041,50,14.0,0
3042,60,19.0,0
3043,140,31.0,0
3044,150,33.0,0
3045,190,41.0,0
3046,160,31.0,3
3047,190,33.0,4
3048,230,41.0,6
3049,45,8.0,1
3050,500,63.0,25
3051,150,11.0,8
3052,180,13.0,10
3053,210,16.0,11
3054,130,17.0,7
3055,160,21.0,8
3056,180,25.0,10
3057,70,15.0,0
3058,330,26.0,19
3059,360,40.0,16
3060,260,43.0,8
3061,390,33.0,19
3062,710,105.0,25
3063,580,89.0,19
3064,500,44.0,26
3065,610,44.0,36
3066,380,48.0,19
3067,280,40.0,11
3068,330,48.0,12
3069,400,58.0,14
3070,240,41.0,5
3071,280,50.0,6
3072,330,58.0,6
3073,60,9.0,0
3074,80,12.0,0
3075,90,13.0,0
3076,50,15.0,0
3077,70,19.0,0
3078,80,22.0,0
3079,150,33.0,0
3080,190,41.0,0
3081,230,49.0,0
3082,170,36.0,0
3083,220,45.0,0
3084,260,53.0,0
3085,280,49.0,4
3086,240,41.0,4
3087,200,34.0,4
3088,150,34.0,0
3089,190,43.0,0
3090,230,51.0,0
3091,180,37.0,0
3092,220,46.0,0
3093,260,55.0,0
3094,90,13.0,0
3095,110,15.0,0
3096,120,18.0,0
3097,80,18.0,0
3098,90,22.0,0
3099,110,27.0,0
3100,150,34.0,0
3101,190,42.0,0
3102,230,51.0,0
3103,180,37.0,0
3104,220,46.0,0
3105,260,55.0,0
3106,150,22.0,6
3107,590,1.0,33
3108,300,1.0,16
3109,410,1.0,20
3110,750,113.0,29
3111,340,53.0,13
3112,780,86.0,44
3113,240,50.0,5
3114,990,22.0,76
3115,140,11.0,10
3116,270,20.0,16
3117,1600,216.0,73
3118,110,0.0,2
3119,240,1.0,20
3120,140,4.0,9
3121,30,0.0,0
3122,410,8.0,38
3123,330,8.0,30
3124,240,16.0,17
3125,760,73.0,48
3126,740,60.0,41
3127,1020,82.0,53
3128,150,28.0,2
3129,950,173.0,13
3130,560,10.0,54
3131,890,64.0,54
3132,650,82.0,18
3133,480,78.0,11
3134,840,141.0,17
3135,200,17.0,9
3136,600,46.0,36
3137,420,64.0,10
3138,290,43.0,8
3139,530,64.0,18
3140,660,84.0,22
3141,600,65.0,22
3142,790,88.0,28
3143,1060,71.0,58
3144,250,29.0,8
3145,1440,80.0,88
3146,910,71.0,52
3147,1440,103.0,82
3148,1310,164.0,46
3149,550,63.0,20
3150,770,59.0,37
3151,570,67.0,18
3152,1090,79.0,49
3153,740,57.0,38
3154,1070,88.0,53
3155,760,53.0,39
3156,290,23.0,21
3157,210,44.0,2
3158,930,148.0,22
3159,270,25.0,18
3160,850,98.0,35
3161,620,70.0,26
3162,850,98.0,35
3163,180,35.0,1
3164,800,69.0,48
3165,1220,99.0,75
3166,190,10.0,15
3167,770,89.0,32
3168,1050,112.0,48
3169,290,23.0,20
3170,130,19.0,4
3171,220,12.0,18
3172,200,22.0,10
3173,40,10.0,0
3174,610,19.0,40
3175,560,53.0,23
3176,760,47.0,44
3177,570,52.0,25
3178,1070,76.0,51
3179,870,78.0,29
3180,1320,91.0,80
3181,810,74.0,44
3182,990,83.0,54
3183,580,50.0,26
3184,510,5.0,26
3185,510,5.0,26
3186,650,68.0,31
3187,390,59.0,6
3188,250,49.0,4
3189,580,35.0,32
3190,850,39.0,47
3191,1030,82.0,63
3192,840,65.0,49
3193,1170,90.0,68
3194,610,69.0,35
3195,230,28.0,13
3196,310,55.0,4
3197,430,76.0,6
3198,340,58.0,6
3199,70,9.0,2
3200,35,4.0,1
3201,100,6.0,5
3202,670,56.0,22
3203,100,18.0,1
3204,750,24.0,23
3205,830,72.0,28
3206,640,27.0,19
3207,180,13.0,8
3208,690,40.0,35
3209,760,54.0,38
3210,1060,65.0,65
3211,590,42.0,25
3212,120,3.0,10
3213,300,6.0,30
3214,130,17.0,2
3215,190,43.0,0
3216,200,38.0,1
3217,490,97.0,8
3218,370,73.0,6
3219,520,98.0,10
3220,370,72.0,7
3221,480,64.0,15
3222,450,53.0,19
3223,670,74.0,30
3224,330,22.0,16
3225,370,26.0,22
3226,370,42.0,20
3227,35,4.0,1
3228,300,6.0,30
3229,45,6.0,1
3230,440,32.0,27
3231,280,15.0,19
3232,670,59.0,36
3233,1020,88.0,52
3234,480,35.0,16
3235,800,85.0,33
3236,840,67.0,42
3237,630,57.0,31
3238,510,79.0,9
3239,730,110.0,12
3240,600,39.0,37
3241,500,43.0,22
3242,230,45.0,1
3243,940,72.0,48
3244,180,34.0,1
3245,830,61.0,44
3246,1270,97.0,67
3247,680,63.0,30
3248,920,98.0,36
3249,550,59.0,21
3250,710,94.0,22
3251,1310,82.0,73
3252,500,41.0,21
3253,590,62.0,20
3254,15,2.0,0
3255,210,27.0,11
3256,200,45.0,0
3257,800,40.0,36
3258,280,15.0,19
3259,190,26.0,8
3260,510,48.0,32
3261,70,8.0,3
3262,1450,97.0,74
3263,1450,97.0,74
3264,700,73.0,41
3265,290,34.0,4
3266,400,34.0,7
3267,730,104.0,32
3268,890,70.0,62
3269,190,35.0,1
3270,190,43.0,0
3271,920,131.0,35
3272,170,24.0,4
3273,416,31.0,9
3274,404,30.0,12
3275,489,14.0,27
3276,391,22.0,24
3277,471,24.0,32
3278,784,13.0,49
3279,327,23.0,22
3280,427,27.0,31
3281,856,46.0,55
3282,1276,48.0,101
3283,1302,64.0,99
3284,969,72.0,56
3285,1298,54.0,102
3286,543,19.0,29
3287,963,20.0,76
3288,988,36.0,73
3289,1044,26.0,83
3290,770,19.0,56
3291,961,21.0,76
3292,656,44.0,30
3293,984,26.0,76
3294,384,49.0,19
3295,670,19.0,43
3296,1156,23.0,77
3297,325,19.0,27
3298,225,4.0,21
3299,561,28.0,44
3300,526,41.0,27
3301,342,14.0,29
3302,725,21.0,42
3303,571,34.0,41
3304,690,52.0,39
3305,381,41.0,23
3306,160,12.0,8
3307,472,28.0,29
3308,401,21.0,7
3309,389,33.0,26
3310,419,16.0,37
3311,167,11.0,12
3312,207,20.0,11
3313,230,49.0,1
3314,563,17.0,38
3315,475,24.0,25
3316,632,3.0,43
3317,849,51.0,51
3318,736,16.0,59
3319,388,4.0,27
3320,96,11.0,3
3321,109,9.0,8
3322,55,6.0,3
3323,514,9.0,28
3324,305,32.0,17
3325,52,3.0,4
3326,269,30.0,12
3327,709,41.0,39
3328,305,10.0,3
3329,147,0.0,2
3330,441,43.0,12
3331,210,8.0,10
3332,246,17.0,16
3333,147,12.0,8
3334,616,32.0,31
3335,214,5.0,21
3336,171,15.0,10
3337,381,16.0,34
3338,394,24.0,32
3339,422,19.0,37
3340,380,17.0,34
3341,228,28.0,11
3342,392,19.0,34
3343,188,0.0,6
3344,364,2.0,26
3345,324,2.0,24
3346,448,2.0,27
3347,607,63.0,25
3348,545,0.0,35
3349,764,0.0,49
3350,606,2.0,39
3351,880,73.0,51
3352,1320,79.0,70
3353,1330,83.0,71
3354,1315,93.0,70
3355,1306,86.0,71
3356,1206,97.0,69
3357,1291,96.0,70
3358,977,84.0,54
3359,387,2.0,25
3360,508,0.0,25
3361,254,0.0,13
3362,381,0.0,19
3363,1009,4.0,71
3364,519,3.0,24
3365,690,3.0,32
3366,349,2.0,16
3367,544,0.0,35
3368,762,0.0,49
3369,554,13.0,28
3370,297,46.0,10
3371,200,15.0,10
3372,125,9.0,7
3373,181,12.0,12
3374,472,37.0,12
3375,323,13.0,8
3376,715,20.0,36
3377,755,17.0,42
3378,496,29.0,24
3379,500,17.0,29
3380,588,20.0,30
3381,627,17.0,35
3382,282,17.0,19
3383,444,41.0,29
3384,318,63.0,5
3385,445,57.0,23
3386,364,74.0,5
3387,419,66.0,16
3388,465,77.0,16
3389,479,46.0,31
3390,694,65.0,30
3391,1027,50.0,71
3392,686,39.0,40
3393,790,40.0,49
3394,855,40.0,55
3395,218,0.0,9
3396,301,0.0,12
3397,219,24.0,8
3398,174,19.0,7
3399,564,23.0,41
3400,436,25.0,29
3401,483,25.0,36
3402,329,17.0,25
3403,343,25.0,23
3404,483,38.0,33
3405,466,28.0,31
3406,295,43.0,9
3407,442,65.0,14
3408,469,4.0,38
3409,512,5.0,43
3410,517,5.0,43
3411,493,5.0,41
3412,552,3.0,28
3413,733,4.0,37
3414,529,49.0,18
3415,690,57.0,40
3416,200,13.0,10
3417,120,13.0,4
3418,200,16.0,12
3419,220,23.0,11
3420,490,65.0,22
3421,190,24.0,8
3422,260,26.0,13
3423,310,20.0,24
3424,32,7.0,0
3425,530,82.0,16
3426,390,39.0,19
3427,370,27.0,23
3428,100,12.0,3
3429,210,19.0,6
3430,240,13.0,14
3431,310,8.0,16
3432,35,7.0,0
3433,70,13.0,0
3434,180,10.0,9
3435,420,43.0,21
3436,170,18.0,5
3437,190,19.0,9
3438,380,86.0,0
3439,160,12.0,6
3440,380,40.0,17
3441,440,53.0,18
3442,160,22.0,7
3443,120,22.0,1
3444,80,15.0,1
3445,370,33.0,20
3446,630,57.0,34
3447,510,56.0,18
3448,340,38.0,12
3449,80,21.0,0
3450,450,80.0,12
3451,330,55.0,6
3452,490,54.0,19
3453,650,55.0,32
3454,160,22.0,4
3455,160,23.0,4
3456,130,26.0,2
3457,350,33.0,21
3458,250,24.0,15
3459,550,68.0,28
3460,330,68.0,1
3461,340,31.0,15
3462,0,0.0,0
3463,0,0.0,0
3464,0,0.0,0
3465,0,0.0,0
3466,300,21.0,19
3467,200,14.0,12
3468,120,11.0,4
3469,380,50.0,16
3470,420,59.0,19
3471,120,11.0,4
3472,600,97.0,22
3473,420,53.0,18
3474,590,86.0,24
3475,200,33.0,4
3476,400,44.0,22
3477,430,60.0,18
3478,70,2.0,6
3479,130,4.0,11
3480,370,69.0,6
3481,320,46.0,14
3482,440,59.0,23
3483,110,15.0,6
3484,410,47.0,23
3485,150,27.0,2
3486,610,76.0,30
3487,470,53.0,25
3488,220,25.0,12
3489,430,80.0,8
3490,170,32.0,3
3491,630,91.0,24
3492,320,64.0,2
3493,650,122.0,13
3494,5,0.0,0
3495,5,0.0,0
3496,5,0.0,0
3497,5,0.0,0
3498,5,0.0,0
3499,5,0.0,0
3500,220,32.0,9
3501,140,27.0,0
3502,140,28.0,0
3503,480,71.0,19
3504,310,29.0,17
3505,220,20.0,12
3506,380,36.0,23
3507,300,29.0,18
3508,470,76.0,18
3509,160,16.0,9
3510,460,62.0,22
3511,390,43.0,15
3512,300,59.0,2
3513,180,28.0,4
3514,160,23.0,5
3515,480,37.0,29
3516,150,30.0,1
3517,180,36.0,1
3518,300,32.0,17
3519,140,28.0,0
3520,210,25.0,10
3521,180,20.0,9
3522,350,67.0,5
3523,670,69.0,31
3524,360,45.0,17
3525,60,17.0,0
3526,700,64.0,27
3527,450,33.0,24
3528,500,50.0,22
3529,390,25.0,27
3530,510,29.0,29
3531,720,69.0,32
3532,830,72.0,37
3533,500,11.0,36
3534,790,35.0,54
3535,170,18.0,11
3536,860,87.0,36
3537,850,79.0,38
3538,560,36.0,34
3539,370,14.0,34
3540,980,95.0,41
3541,580,29.0,38
3542,590,96.0,13
3543,690,90.0,26
3544,780,78.0,33
3545,550,16.0,39
3546,820,38.0,57
3547,920,79.0,49
3548,420,66.0,3
3549,710,68.0,26
3550,970,111.0,33
3551,880,96.0,32
3552,470,45.0,19
3553,770,96.0,29
3554,510,65.0,16
3555,350,32.0,14
3556,230,17.0,12
3557,250,25.0,11
3558,200,13.0,14
3559,260,14.0,15
3560,360,35.0,16
3561,420,36.0,19
3562,250,5.0,18
3563,390,17.0,27
3564,80,9.0,5
3565,430,44.0,18
3566,430,39.0,19
3567,280,18.0,17
3568,190,7.0,17
3569,490,47.0,21
3570,290,15.0,19
3571,300,48.0,6
3572,340,45.0,13
3573,390,39.0,17
3574,270,8.0,20
3575,410,19.0,28
3576,460,39.0,25
3577,210,33.0,1
3578,360,34.0,13
3579,480,56.0,16
3580,440,48.0,16
3581,230,22.0,10
3582,380,48.0,15
3583,260,33.0,8
3584,170,30.0,3
3585,380,50.0,16
3586,220,38.0,6
3587,160,26.0,3
3588,130,33.0,0
3589,310,56.0,3
3590,470,57.0,16
3591,630,58.0,29
3592,160,41.0,0
3593,300,65.0,1
3594,150,26.0,5
3595,100,18.0,3
3596,230,51.0,1
3597,260,59.0,1
3598,290,67.0,1
3599,240,50.0,2
3600,170,35.0,2
3601,330,61.0,10
3602,410,47.0,15
3603,400,66.0,14
3604,570,94.0,20
3605,630,27.0,54
3606,420,18.0,36
3607,390,62.0,14
3608,200,46.0,0
3609,110,26.0,0
3610,550,81.0,21
3611,180,27.0,7
3612,120,29.0,0
3613,170,25.0,5
3614,120,12.0,4
3615,320,35.0,10
3616,290,35.0,8
3617,360,46.0,13
3618,490,37.0,30
3619,60,11.0,0
3620,410,56.0,18
3621,160,19.0,8
3622,230,30.0,10
3623,470,53.0,26
3624,740,89.0,40
3625,5,1.0,0
3626,290,59.0,1
3627,100,1.0,10
3628,180,2.0,18
3629,290,45.0,11
3630,590,91.0,22
3631,80,3.0,6
3632,140,6.0,11
3633,90,18.0,2
3634,260,26.0,15
3635,340,49.0,7
3636,170,2.0,2
3637,440,16.0,27
3638,160,5.0,9
3639,280,7.0,21
3640,210,8.0,14
3641,420,13.0,27
3642,170,5.0,10
3643,260,8.0,18
3644,210,8.0,14
3645,290,21.0,17
3646,260,30.0,14
3647,770,89.0,41
3648,170,25.0,5
3649,510,75.0,15
3650,460,27.0,29
3651,140,21.0,4
3652,220,20.0,11
3653,490,47.0,26
3654,1190,65.0,80
3655,660,61.0,34
3656,220,19.0,15
3657,660,58.0,46
3658,190,37.0,2
3659,690,43.0,45
3660,510,41.0,29
3661,40,6.0,1
3662,120,18.0,4
3663,370,80.0,5
3664,360,41.0,20
3665,320,40.0,6
3666,350,41.0,19
3667,310,33.0,13
3668,200,26.0,7
3669,600,78.0,21
3670,310,32.0,19
3671,110,18.0,4
3672,330,54.0,12
3673,340,26.0,14
3674,280,51.0,7
3675,150,10.0,9
3676,230,14.0,14
3677,280,25.0,19
3678,560,50.0,38
3679,830,74.0,56
3680,330,28.0,9
3681,230,23.0,14
3682,690,69.0,42
3683,510,42.0,33
3684,540,41.0,36
3685,690,66.0,42
3686,410,52.0,21
3687,310,16.0,15
3688,1060,101.0,48
3689,780,73.0,36
3690,500,46.0,23
3691,970,82.0,47
3692,1350,113.0,65
3693,590,51.0,29
3694,680,5.0,28
3695,380,3.0,16
3696,1050,115.0,41
3697,770,84.0,30
3698,500,52.0,20
3699,220,24.0,9
3700,740,106.0,22
3701,270,24.0,14
3702,180,17.0,9
3703,1210,104.0,54
3704,870,75.0,40
3705,530,47.0,25
3706,1280,95.0,61
3707,920,69.0,44
3708,550,43.0,27
3709,210,26.0,7
3710,140,19.0,4
3711,840,115.0,24
3712,430,40.0,17
3713,280,27.0,11
3714,400,54.0,20
3715,510,73.0,22
3716,1150,99.0,61
3717,850,72.0,45
3718,540,45.0,29
3719,620,13.0,52
3720,310,7.0,26
3721,930,66.0,60
3722,1110,102.0,52
3723,810,75.0,38
3724,520,47.0,25
3725,1200,101.0,66
3726,880,74.0,48
3727,560,48.0,30
3728,750,60.0,36
3729,430,34.0,21
3730,510,56.0,29
3731,260,28.0,14
3732,820,109.0,37
3733,720,27.0,56
3734,360,14.0,28
3735,1030,80.0,64
3736,790,3.0,45
3737,480,2.0,28
3738,550,18.0,50
3739,350,10.0,32
3740,860,71.0,58
3741,1020,98.0,57
3742,760,75.0,41
3743,480,47.0,25
3744,260,31.0,10
3745,340,66.0,8
3746,1250,104.0,72
3747,950,77.0,56
3748,360,28.0,21
3749,590,48.0,35
3750,770,18.0,63
3751,390,9.0,32
3752,1080,71.0,71
3753,1190,99.0,53
3754,850,72.0,38
3755,510,45.0,24
3756,330,27.0,19
3757,740,15.0,62
3758,370,7.0,31
3759,1050,68.0,70
3760,1110,99.0,57
3761,810,72.0,42
3762,520,45.0,26
3763,1080,98.0,43
3764,770,71.0,31
3765,450,44.0,18
3766,1110,99.0,57
3767,890,80.0,45
3768,560,50.0,28
3769,190,26.0,9
3770,250,24.0,12
3771,610,61.0,25
3772,360,35.0,15
3773,980,99.0,44
3774,720,72.0,32
3775,450,45.0,20
3776,260,29.0,11
3777,250,25.0,10
3778,500,68.0,24
3779,990,98.0,42
3780,730,71.0,31
3781,470,45.0,20
3782,1029,69.0,59
3783,202,31.0,0
3784,350,39.0,0
3785,1315,60.0,98
3786,812,64.0,44
3787,1117,83.0,67
3788,726,40.0,37
3789,381,40.0,17
3790,353,66.0,0
3791,376,49.0,18
3792,686,52.0,33
3793,1001,70.0,57
3794,763,56.0,44
3795,671,55.0,30
3796,1696,100.0,121
3797,931,54.0,60
3798,851,69.0,43
3799,829,53.0,43
3800,420,42.0,22
3801,260,43.0,0
3802,152,0.0,4
3803,372,19.0,22
3804,568,33.0,26
3805,676,52.0,29
3806,414,32.0,20
3807,207,16.0,10
3808,1370,109.0,88
3809,695,50.0,43
3810,347,25.0,22
3811,1440,139.0,84
3812,471,73.0,18
3813,378,59.0,15
3814,509,83.0,18
3815,437,71.0,16
3816,1230,91.0,73
3817,410,28.0,25
3818,479,66.0,24
3819,240,40.0,0
3820,471,73.0,18
3821,378,59.0,15
3822,666,99.0,18
3823,271,33.0,15
3824,586,83.0,27
3825,426,62.0,18
3826,334,48.0,15
3827,414,60.0,18
3828,323,45.0,15
3829,1452,100.0,92
3830,1067,69.0,70
3831,252,23.0,18
3832,1117,101.0,60
3833,608,62.0,29
3834,912,70.0,54
3835,1450,86.0,97
3836,360,47.0,0
3837,579,24.0,36
3838,720,24.0,38
3839,280,31.0,0
3840,126,32.0,0
3841,68,17.0,0
3842,508,45.0,25
3843,254,22.0,13
3844,479,74.0,13
3845,169,18.0,0
3846,390,74.0,0
3847,274,45.0,0
3848,463,67.0,0
3849,174,20.0,0
3850,203,25.0,0
3851,934,54.0,60
3852,430,31.0,29
3853,646,35.0,34
3854,569,52.0,22
3855,642,50.0,37
3856,314,76.0,2
3857,780,87.0,46
3858,431,100.0,3
3859,784,165.0,13
3860,800,111.0,36
3861,115,10.0,3
3862,1256,148.0,56
3863,603,48.0,33
3864,670,42.0,50
3865,773,49.0,61
3866,725,50.0,56
3867,320,44.0,12
3868,653,71.0,38
3869,435,15.0,39
3870,453,56.0,15
3871,938,77.0,53
3872,1136,78.0,60
3873,313,38.0,11
3874,725,50.0,56
3875,20,8.0,0
3876,471,73.0,18
3877,378,59.0,15
3878,509,83.0,18
3879,274,39.0,9
3880,437,71.0,16
3881,80,21.0,0
3882,31,8.0,0
3883,28,7.0,0
3884,61,15.0,0
3885,220,16.0,12
3886,479,66.0,24
3887,471,73.0,18
3888,378,59.0,15
3889,666,99.0,18
3890,271,33.0,15
3891,586,83.0,27
3892,300,6.0,30
3893,20,4.0,0
3894,38,7.0,1
3895,217,30.0,9
3896,426,62.0,18
3897,334,48.0,15
3898,122,30.0,0
3899,376,49.0,18
3900,414,60.0,18
3901,323,45.0,15
3902,207,49.0,2
3903,300,69.0,2
3904,112,29.0,0
3905,422,8.0,27
3906,61,15.0,0
3907,648,43.0,44
3908,800,43.0,47
3909,790,43.0,48
3910,800,43.0,47
3911,865,43.0,51
3912,815,129.0,30
3913,904,148.0,31
3914,815,129.0,30
3915,1105,168.0,30
3916,749,113.0,30
3917,757,113.0,31
3918,883,127.0,40
3919,646,99.0,27
3920,735,118.0,28
3921,848,120.0,42
3922,646,99.0,27
3923,936,138.0,27
3924,579,83.0,27
3925,588,83.0,28
3926,1373,184.0,63
3927,1963,132.0,129
3928,2090,133.0,131
3929,571,52.0,24
3930,280,24.0,0
3931,291,48.0,0
3932,576,83.0,0
3933,191,22.0,0
3934,251,36.0,0
3935,197,24.0,0
3936,395,73.0,0
3937,427,43.0,24
3938,255,45.0,0
3939,103,26.0,0
3940,180,19.0,0
3941,96,23.0,0
3942,1008,74.0,55
3943,957,57.0,55
3944,302,28.0,6
3945,282,40.0,6
3946,286,28.0,12
3947,403,29.0,22
3948,289,39.0,4
3949,550,82.0,0
3950,103,26.0,0
3951,434,60.0,18
3952,297,56.0,2
3953,605,58.0,27
3954,551,26.0,32
3955,276,13.0,16
3956,690,58.0,35
3957,1139,87.0,69
3958,1126,52.0,83
3959,1076,4.0,84
3960,357,51.0,0
3961,961,58.0,56
3962,280,32.0,0
3963,313,21.0,21
3964,567,45.0,22
3965,420,51.0,8
3966,1170,128.0,45
3967,870,43.0,55
3968,1030,128.0,42
3969,30,6.0,0
3970,40,9.0,0
3971,225,35.0,0
3972,240,29.0,0
3973,240,28.0,0
3974,900,65.0,47
3975,1037,68.0,62
3976,1770,171.0,112
3977,1921,121.0,117
3978,180,2.0,0
3979,280,4.0,15
3980,100,1.0,1
3981,880,14.0,79
3982,230,21.0,11
3983,5,1.0,0
3984,800,53.0,46
3985,560,4.0,59
3986,120,7.0,0
3987,680,23.0,56
3988,200,14.0,0
3989,130,31.0,0
3990,430,20.0,25
3991,10,2.0,0
3992,460,30.0,34
3993,420,11.0,39
3994,160,8.0,13
3995,850,58.0,51
3996,15,3.0,0
3997,340,61.0,6
3998,340,55.0,11
3999,480,10.0,40
4000,920,62.0,61
4001,1260,101.0,68
4002,460,56.0,15
4003,930,111.0,31
4004,780,39.0,68
4005,810,61.0,35
4006,940,74.0,57
4007,1180,55.0,81
4008,380,25.0,20
4009,650,58.0,37
4010,470,22.0,32
4011,1440,24.0,115
4012,0,0.0,0
4013,140,36.0,0
4014,820,41.0,72
4015,790,20.0,66
4016,950,76.0,56
4017,910,115.0,33
4018,450,91.0,4
4019,1180,91.0,73
4020,1470,94.0,88
4021,1350,91.0,87
4022,1670,77.0,113
4023,110,9.0,8
4024,5,1.0,0
4025,270,14.0,20
4026,260,36.0,12
4027,290,40.0,12
4028,150,36.0,2
4029,400,91.0,2
4030,360,42.0,18
4031,350,43.0,6
4032,410,38.0,11
4033,1110,71.0,68
4034,380,41.0,9
4035,460,31.0,31
4036,300,26.0,13
4037,990,114.0,56
4038,290,33.0,0
4039,430,2.0,39
4040,1100,100.0,52
4041,720,46.0,38
4042,580,65.0,33
4043,440,28.0,12
4044,440,28.0,12
4045,170,47.0,0
4046,710,39.0,41
4047,630,66.0,29
4048,990,45.0,78
4049,1510,96.0,98
4050,440,52.0,0
4051,840,101.0,31
4052,480,11.0,37
4053,1010,33.0,71
4054,150,4.0,16
4055,150,46.0,0
4056,1190,95.0,70
4057,960,91.0,55
4058,900,52.0,62
4059,760,61.0,52
4060,570,29.0,36
4061,400,2.0,37
4062,790,61.0,57
4063,930,53.0,58
4064,1550,99.0,104
4065,1320,118.0,58
4066,1010,111.0,42
4067,480,89.0,6
4068,450,91.0,4
4069,1160,110.0,49
4070,440,48.0,17
4071,290,4.0,3
4072,1140,103.0,55
4073,560,31.0,22
4074,130,31.0,0
4075,190,16.0,12
4076,190,16.0,12
4077,190,15.0,10
4078,980,97.0,41
4079,320,45.0,27
4080,740,62.0,45
4081,290,9.0,19
4082,450,91.0,4
4083,290,3.0,16
4084,1060,83.0,50
4085,220,18.0,10
4086,220,18.0,10
4087,25,1.0,2
4088,5,2.0,0
4089,15,1.0,1
4090,600,52.0,25
4091,1030,36.0,80
4092,0,0.0,0
4093,170,14.0,8
4094,170,14.0,8
4095,180,0.0,15
4096,900,57.0,60
4097,650,41.0,47
4098,160,8.0,13
4099,110,9.0,8
4100,700,59.0,48
4101,1180,77.0,66
4102,10,2.0,0
4103,160,39.0,0
4104,390,35.0,0
4105,340,61.0,6
4106,420,48.0,16
4107,460,51.0,23
4108,310,46.0,9
4109,1240,92.0,66
4110,370,17.0,29
4111,640,21.0,66
4112,690,54.0,48
4113,1320,81.0,73
4114,340,17.0,25
4115,130,31.0,0
4116,530,52.0,23
4117,1060,105.0,46
4118,490,88.0,7
4119,910,83.0,46
4120,840,81.0,51
4121,1017,60.0,65
4122,401,3.0,20
4123,401,3.0,20
4124,61,1.0,1
4125,244,4.0,4
4126,115,12.0,5
4127,417,14.0,25
4128,506,16.0,29
4129,936,56.0,47
4130,968,57.0,61
4131,376,14.0,24
4132,1503,57.0,95
4133,712,41.0,40
4134,465,32.0,28
4135,259,52.0,2
4136,259,52.0,2
4137,418,54.0,17
4138,295,16.0,4
4139,390,25.0,9
4140,1007,58.0,58
4141,1262,23.0,53
4142,148,5.0,0
4143,162,28.0,3
4144,162,28.0,3
4145,265,5.0,10
4146,541,77.0,23
4147,918,129.0,40
4148,607,14.0,53
4149,1066,28.0,90
4150,1165,82.0,72
4151,1204,73.0,79
4152,466,17.0,39
4153,202,35.0,5
4154,202,35.0,5
4155,888,70.0,49
4156,763,89.0,36
4157,930,76.0,44
4158,1101,52.0,46
4159,325,45.0,16
4160,564,5.0,29
4161,1521,96.0,92
4162,1674,80.0,96
4163,1253,88.0,64
4164,405,8.0,18
4165,405,8.0,18
4166,500,17.0,23
4167,898,70.0,48
4168,397,10.0,19
4169,113,4.0,5
4170,1053,86.0,41
4171,200,22.0,8
4172,180,24.0,9
4173,500,29.0,24
4174,947,58.0,61
4175,300,14.0,20
4176,1099,17.0,47
4177,1137,194.0,34
4178,136,14.0,8
4179,136,14.0,8
4180,136,14.0,8
4181,240,0.0,10
4182,240,0.0,10
4183,335,9.0,15
4184,1220,179.0,53
4185,806,73.0,35
4186,813,114.0,36
4187,402,2.0,21
4188,178,4.0,11
4189,288,18.0,14
4190,396,55.0,18
4191,701,58.0,39
4192,78,5.0,5
4193,78,5.0,5
4194,45,5.0,2
4195,45,5.0,2
4196,45,5.0,2
4197,41,4.0,2
4198,41,4.0,2
4199,41,4.0,2
4200,293,28.0,19
4201,53,7.0,2
4202,53,7.0,2
4203,53,7.0,2
4204,53,7.0,2
4205,203,9.0,0
4206,203,9.0,0
4207,203,8.0,0
4208,195,12.0,0
4209,195,12.0,0
4210,199,8.0,0
4211,199,8.0,0
4212,206,16.0,0
4213,206,16.0,0
4214,203,8.0,0
4215,101,10.0,4
4216,110,12.0,5
4217,110,12.0,5
4218,795,48.0,28
4219,795,48.0,28
4220,463,43.0,17
4221,291,0.0,17
4222,386,9.0,22
4223,142,10.0,2
4224,142,10.0,2
4225,94,9.0,3
4226,94,9.0,3
4227,142,9.0,2
4228,137,9.0,2
4229,137,9.0,2
4230,142,10.0,2
4231,142,10.0,2
4232,142,9.0,2
4233,401,11.0,24
4234,40,10.0,0
4235,990,110.0,56
4236,625,99.0,12
4237,736,62.0,43
4238,96,4.0,7
4239,385,15.0,29
4240,81,0.0,6
4241,161,0.0,13
4242,242,0.0,19
4243,779,58.0,46
4244,282,19.0,11
4245,434,27.0,21
4246,464,18.0,33
4247,444,41.0,23
4248,664,76.0,31
4249,680,61.0,37
4250,469,86.0,7
4251,405,72.0,7
4252,59,16.0,0
4253,27,7.0,0
4254,112,11.0,7
4255,392,53.0,19
4256,679,58.0,36
4257,541,33.0,35
4258,315,37.0,13
4259,621,62.0,34
4260,560,47.0,29
4261,568,54.0,28
4262,1406,80.0,95
4263,521,32.0,29
4264,560,47.0,29
4265,1090,80.0,62
4266,460,6.0,29
4267,949,79.0,57
4268,934,72.0,54
4269,365,2.0,19
4270,365,2.0,19
4271,365,2.0,19
4272,736,84.0,60
4273,342,37.0,19
4274,1418,111.0,77
4275,1065,88.0,54
4276,1001,75.0,54
4277,152,9.0,0
4278,152,9.0,0
4279,443,24.0,15
4280,443,24.0,15
4281,397,25.0,21
4282,397,25.0,21
4283,284,18.0,14
4284,284,18.0,14
4285,377,23.0,10
4286,377,23.0,10
4287,279,18.0,16
4288,279,18.0,16
4289,678,54.0,36
4290,678,54.0,36
4291,382,3.0,22
4292,462,3.0,28
4293,903,35.0,51
4294,494,3.0,25
4295,494,3.0,25
4296,476,12.0,27
4297,398,20.0,21
4298,398,20.0,21
4299,177,17.0,9
4300,177,17.0,9
4301,397,38.0,19
4302,397,38.0,19
4303,226,0.0,4
4304,289,3.0,12
4305,291,0.0,17
4306,375,4.0,15
4307,94,13.0,2
4308,94,13.0,2
4309,317,28.0,20
4310,285,45.0,11
4311,912,7.0,71
4312,54,6.0,3
4313,54,6.0,3
4314,105,15.0,2
4315,105,15.0,2
4316,915,78.0,53
4317,877,57.0,55
4318,434,7.0,27
4319,140,6.0,10
4320,320,43.0,9
4321,580,47.0,31
4322,500,51.0,17
4323,450,46.0,17
4324,490,46.0,22
4325,410,53.0,9
4326,550,53.0,26
4327,360,46.0,12
4328,360,44.0,12
4329,320,44.0,8
4330,380,47.0,13
4331,580,60.0,26
4332,410,46.0,16
4333,480,59.0,18
4334,320,47.0,5
4335,320,45.0,5
4336,480,46.0,24
4337,520,46.0,28
4338,400,46.0,11
4339,430,49.0,14
4340,380,48.0,10
4341,430,47.0,15
4342,390,47.0,10
4343,310,46.0,4
4344,370,47.0,11
4345,430,48.0,13
4346,470,48.0,17
4347,370,57.0,4
4348,480,44.0,25
4349,280,46.0,3
4350,430,48.0,18
4351,380,52.0,8
4352,230,44.0,2
4353,390,46.0,13
4354,350,46.0,9
4355,35,9.0,0
4356,260,16.0,19
4357,350,17.0,24
4358,400,12.0,29
4359,330,17.0,16
4360,200,32.0,8
4361,230,22.0,10
4362,250,22.0,12
4363,390,42.0,16
4364,270,25.0,8
4365,100,12.0,1
4366,220,23.0,3
4367,350,17.0,24
4368,300,15.0,18
4369,300,15.0,18
4370,220,30.0,10
4371,220,30.0,10
4372,200,20.0,11
4373,150,20.0,4
4374,180,16.0,10
4375,220,10.0,4
4376,210,30.0,9
4377,190,21.0,7
4378,170,21.0,5
4379,200,23.0,8
4380,200,23.0,8
4381,510,26.0,36
4382,200,32.0,7
4383,150,15.0,7
4384,90,14.0,2
4385,220,23.0,11
4386,210,32.0,10
4387,90,17.0,1
4388,200,30.0,8
4389,140,10.0,2
4390,220,26.0,12
4391,500,43.0,26
4392,150,18.0,7
4393,200,29.0,9
4394,200,30.0,3
4395,140,11.0,3
4396,490,43.0,25
4397,380,13.0,31
4398,260,13.0,14
4399,300,17.0,16
4400,190,22.0,6
4401,210,22.0,8
4402,140,12.0,3
4403,220,28.0,12
4404,220,23.0,8
4405,240,23.0,10
4406,230,32.0,3
4407,180,30.0,2
4408,110,12.0,2
4409,250,13.0,16
4410,230,23.0,7
4411,90,15.0,2
4412,150,29.0,1
4413,60,10.0,1
4414,410,44.0,17
4415,220,29.0,11
4416,540,59.0,26
4417,460,53.0,18
4418,510,69.0,19
4419,370,56.0,11
4420,370,56.0,11
4421,550,68.0,22
4422,550,68.0,22
4423,310,75.0,0
4424,250,62.0,0
4425,420,53.0,16
4426,400,52.0,12
4427,390,52.0,13
4428,310,39.0,15
4429,310,39.0,15
4430,370,29.0,21
4431,360,29.0,21
4432,390,31.0,24
4433,480,40.0,27
4434,190,18.0,9
4435,190,18.0,9
4436,290,32.0,17
4437,490,39.0,29
4438,280,29.0,17
4439,280,29.0,17
4440,180,44.0,0
4441,270,66.0,0
4442,530,41.0,28
4443,180,18.0,6
4444,380,41.0,17
4445,380,41.0,17
4446,170,26.0,7
4447,170,26.0,7
4448,150,39.0,0
4449,230,60.0,0
4450,270,31.0,13
4451,270,31.0,13
4452,540,71.0,21
4453,170,12.0,10
4454,170,12.0,10
4455,200,15.0,12
4456,170,13.0,9
4457,200,15.0,11
4458,320,37.0,14
4459,350,40.0,16
4460,340,32.0,14
4461,330,32.0,14
4462,360,34.0,17
4463,580,59.0,29
4464,580,59.0,29
4465,780,74.0,42
4466,730,70.0,35
4467,720,70.0,36
4468,350,57.0,9
4469,350,57.0,9
4470,350,50.0,8
4471,340,50.0,9
4472,150,18.0,3
4473,150,18.0,3
4474,150,13.0,8
4475,150,13.0,8
4476,150,19.0,4
4477,180,20.0,7
4478,270,29.0,10
4479,270,29.0,11
4480,300,31.0,14
4481,430,48.0,18
4482,250,19.0,14
4483,300,75.0,0
4484,250,62.0,0
4485,540,47.0,31
4486,120,20.0,3
4487,270,21.0,14
4488,330,31.0,20
4489,780,79.0,43
4490,440,42.0,25
4491,180,20.0,7
4492,230,22.0,11
4493,200,19.0,9
4494,200,19.0,9
4495,520,41.0,28
4496,280,70.0,0
4497,230,57.0,0
4498,250,30.0,10
4499,780,80.0,41
4500,990,89.0,61
4501,990,89.0,61
4502,230,14.0,16
4503,880,95.0,42
4504,840,92.0,35
4505,820,92.0,36
4506,190,20.0,6
4507,148,11.0,6
4508,60,7.0,2
4509,170,12.0,9
4510,150,12.0,6
4511,200,19.0,9
4512,180,19.0,6
4513,210,21.0,9
4514,440,71.0,10
4515,604,67.0,29
4516,772,57.0,46
4517,523,42.0,32
4518,510,41.0,29
4519,210,12.0,12
4520,496,49.0,25
4521,1567,127.0,97
4522,759,58.0,48
4523,358,32.0,21
4524,823,49.0,51
4525,245,18.0,14
4526,190,18.0,9
4527,190,18.0,9
4528,1043,58.0,75
4529,490,70.0,15
4530,90,18.0,0
4531,180,36.0,0
4532,572,47.0,35
4533,709,48.0,42
4534,210,24.0,11
4535,607,53.0,30
4536,477,43.0,26
4537,170,12.0,9
4538,387,40.0,18
4539,1505,128.0,90
4540,713,59.0,43
4541,327,33.0,18
4542,761,50.0,44
4543,184,19.0,8
4544,180,18.0,7
4545,180,18.0,7
4546,838,53.0,57
4547,237,19.0,11
4548,117,11.0,6
4549,140,31.0,0
4550,280,63.0,0
4551,564,54.0,29
4552,210,19.0,8
4553,230,20.0,11
4554,219,23.0,11
4555,219,23.0,11
4556,560,37.0,32
4557,310,19.0,20
4558,469,83.0,12
4559,1086,105.0,62
4560,274,23.0,15
4561,457,49.0,22
4562,348,39.0,14
4563,392,38.0,20
4564,374,43.0,18
4565,374,43.0,18
4566,143,5.0,10
4567,143,5.0,10
4568,460,47.0,22
4569,230,24.0,10
4570,280,18.0,22
4571,279,10.0,21
4572,634,60.0,34
4573,440,37.0,23
4574,250,19.0,15
4575,235,41.0,6
4576,317,30.0,17
4577,195,51.0,0
4578,325,85.0,0
4579,130,34.0,0
4580,401,32.0,24
4581,450,24.0,30
4582,430,23.0,28
4583,180,10.0,12
4584,170,9.0,11
4585,270,14.0,18
4586,260,14.0,17
4587,570,49.0,27
4588,340,28.0,18
4589,40,9.0,0
4590,670,57.0,32
4591,380,33.0,13
4592,240,20.0,10
4593,580,43.0,29
4594,310,25.0,14
4595,440,67.0,14
4596,250,18.0,17
4597,530,55.0,28
4598,300,54.0,6
4599,410,31.0,24
4600,350,34.0,19
4601,820,42.0,47
4602,580,42.0,31
4603,1090,43.0,66
4604,460,27.0,25
4605,200,19.0,13
4606,260,25.0,10
4607,510,54.0,20
4608,290,26.0,13
4609,350,28.0,19
4610,200,32.0,5
4611,200,32.0,5
4612,190,32.0,4
4613,290,26.0,13
4614,220,28.0,11
4615,990,195.0,18
4616,270,31.0,8
4617,870,164.0,17
4618,500,65.0,24
4619,590,97.0,15
4620,780,149.0,15
4621,560,93.0,14
4622,410,52.0,20
4623,410,67.0,10
4624,390,65.0,10
4625,480,51.0,23
4626,650,121.0,14
4627,180,20.0,5
4628,580,104.0,0
4629,310,40.0,15
4630,290,48.0,7
4631,540,97.0,12
4632,280,46.0,7
4633,320,63.0,3
4634,780,40.0,51
4635,440,28.0,27
4636,330,30.0,16
4637,510,55.0,20
4638,370,43.0,7
4639,220,28.0,11
4640,220,28.0,11
4641,290,53.0,6
